Workbook

Sheet 📖 ĐỊNH NGHĨA CHỈ SỐ
A1: 📖 ĐỊNH NGHĨA CHỈ SỐ — CARASE FB & STORE MASTER TRACKER (Cập nhật T8/2026)
A2: ⚠️ ĐỌC KỸ TRƯỚC KHI LÀM BÁO CÁO — Cột NGUỒN = fill_daily.py / metrics_script / Nhập tay. Dùng đúng công thức ghi trong cột này.
A3: 🟢 NGUỒN fill_daily.py = DT FB / Đơn FB / DT Store / Đơn Store / DT O3 / DT Tổng | 🟡 NGUỒN metrics_script = KH mới/cũ / Retention / CLV / Tần suất / Win-back | 🟠 Nhập tay = Ads / CMT+IB
A4: Row MASTER | B4: Kênh | C4: Tên chỉ số | D4: Định nghĩa đầy đủ | E4: ⚠️ CÔNG THỨC ĐÚNG (duy nhất được dùng) | F4: 🔴 NGUỒN LẤY SỐ | G4: Cách đọc & Ý nghĩa | H4: Ngưỡng / Tham chiếu T8/26 (FINAL 1/8–30/8)
A5: 📦 DOANH THU & ĐƠN HÀNG — FACEBOOK
A6: R6 | B6: FB | C6: Doanh thu FB | D6: Tổng tiền thu từ đơn FB giao thành công trong tháng, đã trừ đơn trả hàng. | E6: Σ (Tổng thu + Tiền CK) của đơn FB có 'Ngày thành công' trong tháng T. ⚠️ Phải cộng CẢ 2 cột — đơn CK có Tổng thu=0 → bỏ cột CK sẽ thiếu ~45% DT. ⚠️ ffill cột ID, 'Loại đơn', 'Ngày thành công' trước khi filter. ⚠️ Bỏ đơn có 'Loại đơn' chứa 'tra lai'/'tra hang'/'khach tra' (sau khi norm dấu). | F6: 🟢 fill_daily.py (cột DT FB trong DAILY sheet) | G6: Chỉ số DT chính kênh FB. So với target và ROAS. Dùng fill_daily — KHÔNG lấy từ metrics_script. | H6: T8/26 FINAL: 1,111,065,648đ Target: 1,292,244,677đ → 86.0%
A7: R7 | B7: FB | C7: Đơn hàng FB | D7: Số đơn FB giao thành công trong tháng, đã trừ đơn trả. | E7: COUNT DISTINCT ID đơn FB với 'Ngày thành công' trong T, 'Loại đơn' ≠ trả. ⚠️ ffill ID và 'Loại đơn' trước khi đếm. | F7: 🟢 fill_daily.py | G7: Kết hợp với DT FB tính AOV. Đơn tăng mà DT không tăng → AOV đang giảm. | H7: T8/26 FINAL: 2,549 đơn
A8: R8 | B8: FB | C8: AOV FB | D8: Giá trị đơn hàng trung bình kênh Facebook. | E8: DT FB ÷ Đơn FB (tính từ 2 chỉ số fill_daily — không tính riêng trong script) | F8: 🟢 Tính từ fill_daily = R6 ÷ R7 | G8: Giảm đột ngột = kiểm tra mix SP hoặc promotion mạnh. | H8: T8/26 FINAL: 435,883đ
A9: R9 | B9: FB | C9: CMT + Inbox Vpage | D9: Tổng comment + inbox trên Fanpage FB trong tháng. | E9: Nhập tay từ phần mềm fanpage / báo cáo nội bộ. Không lấy từ Nhanh.vn. | F9: 🟠 Nhập tay (từ phần mềm fanpage) | G9: Tử số CR%. Tăng nhưng CR giảm → content kéo traffic kém chất lượng. | H9: Benchmark CR%: 35–55%
A10: R11 | B10: FB | C10: CR% (Đơn FB / CMT+IB) | D10: Tỷ lệ chuyển đổi tương tác → đơn hàng. | E10: Đơn FB ÷ CMT+IB | F10: 🟢 Tính từ fill_daily + nhập tay R9 | G10: CR% <30% = chốt sale yếu. >60% = đang reach đúng tệp.
A11: 👤 KHÁCH HÀNG — FACEBOOK
A12: R15 | B12: FB | C12: KH mới FB | D12: Số SĐT mua đơn FB trong T chưa từng mua FB trước T_START (tính từ T6/2024). | E12: COUNT DISTINCT SĐT đơn FB trong T, SĐT KHÔNG có trong pkl FB với _date < T_START. ⚠️ lstrip('0') SĐT khi so sánh với pkl. ⚠️ ffill SĐT trước khi groupby. | F12: 🟡 metrics_script (phone match vs pkl FB) | G12: Nguồn tăng trưởng. KH mới ≥20% tổng KH FB là tốt. | H12: T8/26 FINAL: 722 KH
A13: R16 | B13: FB | C13: AOV lần đầu FB | D13: Tổng DT của KH mới trong T ÷ số KH mới (tính tất cả đơn của họ trong tháng T). | E13: Σ DT đơn của KH mới trong T ÷ COUNT KH mới | F13: 🟡 metrics_script | G13: Bình thường thấp hơn AOV KH cũ. Nếu AOV mới > AOV cũ → cần kiểm tra lại phân loại.
A14: R17 | B14: FB | C14: Activation Rate FB (Cách B) | D14: % KH có first purchase trong 90 ngày trước T_START, mua lần 2 trong tháng T, gap first→T ≤ 90 ngày. Denominator = KH mới trong cửa sổ [T_START-90d, T_START), không phải T-3 cố định. | E14: R17 — Activation Rate FB — CÁCH B (áp dụng từ T8/2026, tính lại hết T1/2025) DENOMINATOR: KH có first_ever_purchase trong [T_START − 90 ngày, T_START) = KH mới trong cửa sổ 90 ngày ngay trước tháng T NUMERATOR: Trong denominator đó, KH nào: (1) mua trong tháng T (2) đây đúng là lần mua THỨ 2 (prior_count == 1 trong lịch sử < T_START) (3) gap = ngày mua T − ngày first_ever ≤ 90 ngày ⚠️ KHÔNG dùng T-3 tháng cố định — window là 90 ngày trượt trước T_START ⚠️ prior_count đếm từ lịch sử (hist_ord), không phải từ data tháng T ⚠️ Denominator cố định theo T_START — không thay đổi dù T_END thay đổi | F14: 🟡 metrics_script (Cách B — 90-day window) | G14: Đo sức khỏe onboarding CRM. Mục tiêu ≥5%. <3% cần cải thiện hậu mãi lần 1. | H14: T8/26 FINAL: 115/2,124 = 5.42% (Cách B — window 90d trước T_START)
A15: R18 | B15: FB | C15: Cohort T-1→T (mua lại tháng tiếp theo) | D15: % KH mới tháng T-1 có ít nhất 1 đơn FB trong tháng T. | E15: COUNT(KH mới T-1 có đơn FB trong T) ÷ COUNT(tổng KH mới T-1) | F15: 🟡 metrics_script | G15: Tỷ lệ giữ chân tháng tiếp theo. 5–12% bình thường. >15% rất tốt. | H15: T8/26 FINAL: 74/823 = 8.99% (cohort KH mới T7)
A16: R20 | B16: FB | C16: KH cũ FB mua lại | D16: Số SĐT có đơn FB trong T VÀ đã có đơn FB trước T_START. | E16: COUNT DISTINCT SĐT đơn FB trong T, SĐT CÓ trong pkl FB với _date < T_START | F16: 🟡 metrics_script | G16: Nguồn DT ổn định, chi phí acquisition = 0. Mục tiêu chiếm 65–75% tổng KH FB. | H16: T8/26 FINAL: 1,615 KH
A17: R21 | B17: FB | C17: AOV KH cũ FB ← dùng tính CLV | D17: Tổng DT của KH cũ trong T ÷ số KH cũ. ⚠️ ĐÂY LÀ GIÁ TRỊ QUAN TRỌNG — dùng để tính CLV 12M và CLV realized. | E17: Σ DT đơn của KH cũ trong T ÷ COUNT KH cũ ⚠️ Tính theo customer (mỗi KH cộng dồn tất cả đơn trong T), không phải per đơn. | F17: 🟡 metrics_script | G17: KH cũ thường AOV cao hơn KH mới. AOV cũ < AOV mới là bất thường — kiểm tra phân loại. | H17: T8/26 FINAL: 496,244đ
A18: R22 | B18: FB | C18: % Retention FB | D18: Tỷ lệ KH cũ trong tổng KH FB tháng T. | E18: KH cũ FB ÷ (KH mới FB + KH cũ FB) | F18: 🟡 Tính từ R15+R20 | G18: Target: 65–75%. Dưới 60% = đang phụ thuộc nhiều vào KH mới. | H18: T8/26 FINAL: 69.11%
A19: R23 | B19: FB | C19: ↳ Mua lại ≤30 ngày | D19: KH cũ FB trong T có ngày mua cuối trước T_START cách T_START ≤30 ngày. | E19: COUNT KH cũ FB trong T, (T_START − max(_date trước T_START)) ≤ 30 | F19: 🟡 metrics_script | G19: Nhóm "nóng" nhất — lens 1 tháng quay đúng chu kỳ. | H19: T8/26 FINAL: 480 KH
A20: R25 | B20: FB | C20: ↳ Mua lại 31–90 ngày | D20: KH cũ FB trong T có ngày mua cuối cách T_START 31–90 ngày. | E20: COUNT KH cũ FB trong T, 31 ≤ (T_START − max(_date trước T_START)) ≤ 90 | F20: 🟡 metrics_script | G20: Core nhóm lens 1M/3M. Đây là tệp RFM chiến lược. | H20: T8/26 FINAL: 467 KH
A21: R27 | B21: FB | C21: ↳ Mua lại >90 ngày | D21: KH cũ FB trong T có ngày mua cuối cách T_START >90 ngày. | E21: COUNT KH cũ FB trong T, (T_START − max(_date trước T_START)) > 90 | F21: 🟡 metrics_script | G21: Semi-dormant tự quay lại. Nếu nhiều hơn ≤30d → KH đang drift về chu kỳ dài hơn. | H21: T8/26 FINAL: 668 KH
A22: R30 | B22: FB | C22: KH FB mua lần 3+ | D22: Số KH trong T đã có ≥3 đơn tích lũy trên kênh FB (tính đến cuối T). | E22: COUNT KH trong T, tổng đơn FB (pkl + data tháng T) ≥ 3 | F22: 🟡 metrics_script | G22: Nhóm trung thành thực sự. Nền tảng VIP program. Mục tiêu: tăng đều mỗi tháng. | H22: T8/26 FINAL: 1,314 KH
A23: R32 | B23: FB | C23: CLV 12M (FB) — dự báo 12 tháng tới | D23: Dự báo giá trị 1 KH cũ FB đóng góp trong 12 tháng tới, dựa trên AOV và tần suất CỐ ĐỊNH. | E23: AOV_KH_cũ_FB × (365 ÷ 105) ⚠️ freq_FB = 105 ngày — CỐ ĐỊNH từ T8/26, KHÔNG tính động. ⚠️ KHÔNG tính theo cửa sổ 12 tháng rolling. ⚠️ Dùng AOV_KH_cũ_FB (R21), không phải AOV_lần_đầu. | F23: 🟡 metrics_script (công thức cố định) | G23: Tăng khi AOV_KH_cũ tăng. Dùng so sánh vs CAC để đánh giá hiệu quả acquisition. | H23: T8/26 FINAL: 1,725,039đ = 496,244 × 365/105
A24: 📦 DOANH THU & ĐƠN HÀNG — STORE
A25: R35 | B25: Store | C25: DT Store Tổng | D25: Tổng DT 3 cửa hàng (NDC+PH+NGT) sau khi trừ đơn trả. | E25: Σ 'Doanh thu SP sau chiết khấu' của đơn Store trong T, loại ID đơn trả (từ file TRA). ⚠️ fill_daily dùng SCALE = DT_fill / DT_script để bù mismatch do TRA ID ≠ original ID. ⚠️ KHÔNG lấy tổng từ metrics_script. | F25: 🟢 fill_daily.py (cột DT Store = NDC+PH+NGT) | G25: Chỉ số tổng Store. So sánh 3 chi nhánh để tìm điểm yếu. | H25: T8/26 FINAL: 461,185,801đ Target: 730,208,327đ → 63.2%
A26: R36 | B26: Store | C26: ↳ NDC (619 NĐC) | D26: DT riêng chi nhánh Nguyễn Đình Chiểu. | E26: Lọc Store theo Kho = 'NDC', Σ 'Doanh thu SP sau chiết khấu' | F26: 🟢 fill_daily.py | G26: NDC thường ~45–55% DT Store. Nếu tỷ trọng giảm mạnh → kiểm tra vận hành. | H26: T8/26 FINAL: 231,050,152đ (50.1%)
A27: R37 | B27: Store | C27: ↳ Phố Huế (PH) | D27: DT riêng chi nhánh Phố Huế. | E27: Lọc Store theo Kho = 'PH' | F27: 🟢 fill_daily.py | G27: Phố Huế — chi nhánh trung tâm, theo dõi traffic lẻ. | H27: T8/26 FINAL: 122,062,638đ (26.5%)
A28: R38 | B28: Store | C28: ↳ NGT (88 NGT) | D28: DT riêng chi nhánh Nguyễn Gia Trí. | E28: Lọc Store theo Kho = 'NGT' | F28: 🟢 fill_daily.py | G28: NGT — chi nhánh mới nhất, theo dõi tốc độ tăng trưởng. | H28: T8/26 FINAL: 108,073,011đ (23.4%)
A29: R39 | B29: Store | C29: Đơn hàng Store | D29: Số đơn Store giao/bán trong T, đã trừ đơn trả. | E29: COUNT DISTINCT ID đơn Store trong T, loại ID có trong file TRA. ⚠️ ffill cột 'Ngày', 'ID', 'SĐT Khách hàng' trước khi đếm. ⚠️ 1 ID = 1 đơn dù có nhiều dòng sản phẩm. | F29: 🟢 fill_daily.py | G29: Theo dõi traffic bước chân. Đơn tăng mà DT không tăng → AOV đang giảm. | H29: T8/26 FINAL: 1,486 đơn
A30: R40 | B30: Store | C30: AOV Store | D30: Giá trị đơn TB tại Store. | E30: DT Store ÷ Đơn Store | F30: 🟢 Tính từ fill_daily = R35 ÷ R39 | G30: >300K là tốt cho lens walk-in Store. | H30: T8/26 FINAL: 310,354đ
A31: 👤 KHÁCH HÀNG — STORE
A32: R43 | B32: Store | C32: KH mới Store | D32: Số SĐT mua Store trong T chưa từng mua Store trước T_START. | E32: COUNT DISTINCT SĐT đơn Store trong T, SĐT KHÔNG có trong pkl Store với _date < T_START ⚠️ Cột SĐT Store = 'SĐT Khách hàng' (col 12 file Store). ffill trước khi dùng. | F32: 🟡 metrics_script | G32: Mục tiêu: KH mới ≥30% tổng KH Store. | H32: T8/26 FINAL: 511 KH
A33: R44 | B33: Store | C33: AOV lần đầu Store | D33: Chi tiêu TB KH mới Store. | E33: Σ DT đơn KH mới Store trong T ÷ COUNT KH mới Store | F33: 🟡 metrics_script | G33: So sánh với AOV KH cũ Store. Bình thường nên thấp hơn. | H33: T8/26 FINAL: 337,016đ
A34: R45 | B34: Store | C34: Activation Rate Store (Cách B) => Đổi tên thành "Cohort T-3 --> T (Store)" | D34: % KH có first purchase Store trong 90 ngày trước T_START, mua lần 2 trong tháng T, gap ≤ 90 ngày. Giống R17, dùng dữ liệu Store. | E34: R45 — Activation Rate Store — CÁCH B (giống R17, dùng dữ liệu Store) DENOMINATOR: KH có first_ever_purchase Store trong [T_START − 90 ngày, T_START) NUMERATOR: Trong đó, KH nào: (1) mua Store trong tháng T (2) prior_count == 1 (lần mua T là lần 2) (3) gap = ngày mua T − ngày first_ever ≤ 90 ngày ⚠️ Dùng st_hist_ord và st_t_ord thay vì FB ⚠️ Phone Store: str(int(float(p))).lstrip("0") | F34: 🟡 metrics_script (Cách B — 90-day window) | G34: Benchmark ≥5%. Store nên cao hơn hoặc bằng FB do gặp trực tiếp. | H34: T8/26 FINAL: 59/1,834 = 3.22% (Cách B — window 90d trước T_START)
A35: R46 | B35: Store | C35: Cohort T-1→T (Store) | D35: % KH mới Store tháng T-1 có đơn Store trong T. | E35: COUNT(KH mới Store T-1 có đơn Store trong T) ÷ COUNT(KH mới Store T-1) | F35: 🟡 metrics_script | G35: 4–10% là bình thường. >12% = tốt. | H35: T8/26 FINAL: 33/640 = 5.16% (cohort KH mới Store T7)
A36: R48 | B36: Store | C36: KH cũ Store mua lại | D36: Số SĐT có đơn Store trong T VÀ đã có đơn Store trước T_START. | E36: COUNT DISTINCT SĐT đơn Store trong T, SĐT CÓ trong pkl Store với _date < T_START | F36: 🟡 metrics_script | G36: Nguồn DT ổn định Store. Mục tiêu chiếm 55–70% tổng KH Store. | H36: T8/26 FINAL: 768 KH
A37: R49 | B37: Store | C37: AOV KH cũ Store ← dùng tính CLV | D37: Tổng DT KH cũ Store ÷ số KH cũ. ⚠️ Dùng để tính CLV 12M Store và CLV realized Store. | E37: Σ DT đơn KH cũ Store trong T ÷ COUNT KH cũ Store | F37: 🟡 metrics_script | G37: Dùng tính CLV Store. Theo dõi xu hướng — giảm liên tiếp 3 tháng cần điều tra. | H37: T8/26 FINAL: 378,254đ
A38: R50 | B38: Store | C38: % Retention Store | D38: Tỷ lệ KH cũ / tổng KH Store trong T. | E38: KH cũ Store ÷ (KH mới + KH cũ Store) | F38: 🟡 Tính từ R43+R48 | G38: Target: 55–70%. Dưới 50% = Store đang phụ thuộc nhiều vào KH mới. | H38: T8/26 FINAL: 60.05%
A39: R51 | B39: Store | C39: ↳ Mua lại ≤30 ngày (Store) | D39: KH cũ Store trong T có ngày mua cuối ≤30 ngày trước T_START. | E39: COUNT KH cũ Store trong T, (T_START − max(_date trước T)) ≤ 30 | F39: 🟡 metrics_script | G39: Nhóm mua lại sớm nhất — lens 1M hoặc KH trung thành cao. | H39: T8/26 FINAL: 168 KH
A40: R53 | B40: Store | C40: ↳ Mua lại 31–90 ngày (Store) | D40: KH cũ Store trong T có ngày mua cuối 31–90 ngày trước T_START. | E40: COUNT KH cũ Store trong T, 31 ≤ (T_START − max(_date trước T)) ≤ 90 | F40: 🟡 metrics_script | G40: Core lens 1M/3M Store. | H40: T8/26 FINAL: 218 KH
A41: R55 | B41: Store | C41: ↳ Mua lại >90 ngày (Store) | D41: KH cũ Store trong T có ngày mua cuối >90 ngày trước T_START. | E41: COUNT KH cũ Store trong T, (T_START − max(_date trước T)) > 90 | F41: 🟡 metrics_script | G41: Semi-dormant tự quay lại Store. | H41: T8/26 FINAL: 382 KH
A42: R58 | B42: Store | C42: KH Store mua lần 3+ | D42: Số KH trong T có ≥3 đơn tích lũy tại Store. | E42: COUNT KH trong T, tổng đơn Store (pkl + T) ≥ 3 | F42: 🟡 metrics_script | G42: Tệp trung thành Store thực sự. Nền tảng chương trình ưu đãi. | H42: T8/26 FINAL: 564 KH
A43: R60 | B43: Store | C43: CLV 12M (Store) — dự báo 12 tháng tới | D43: Dự báo giá trị 1 KH cũ Store đóng góp trong 12 tháng tới. | E43: AOV_KH_cũ_Store × (365 ÷ 100) ⚠️ freq_Store = 100 ngày — CỐ ĐỊNH từ T8/26. ⚠️ KHÔNG tính theo cửa sổ 12 tháng rolling. ⚠️ Dùng AOV_KH_cũ_Store (R49). | F43: 🟡 metrics_script (công thức cố định) | G43: Dùng so sánh vs CLV FB và vs CAC Store để đánh giá kênh. | H43: T8/26 FINAL: 1,380,627đ = 378,254 × 365/100
A44: 👓 O3 + TỔNG HỢP
A45: R63 | B45: FB+Store | C45: DT O3 | D45: Tổng DT từ nhóm O3 (Tròng Kính, Mắt Kính) trên cả 2 kênh. | E45: FB: Σ DT đơn có Danh mục thuộc O3 Store: Σ DT đơn có Danh mục cấp 1/2 thuộc O3 → Cộng FB + Store | F45: 🟢 fill_daily.py (cột O3 trong DAILY sheet) | G45: O3 = Tròng Kính + Mắt Kính. Biên lợi nhuận cao. Mục tiêu chiếm 2–4% DT Tổng. | H45: T8/26 FINAL: 27,185,258đ (1.73%) ⚠️ KHÔNG phải áp tròng lens
A46: R64 | B46: FB+Store | C46: % O3 / DT Tổng | D46: Tỷ trọng O3 trong tổng DT. | E46: DT O3 ÷ DT Tổng | F46: 🟢 Tính từ fill_daily = R63 ÷ R68 | G46: Target: 2–4% DT Tổng. Nếu <1.5% → kiểm tra lại dữ liệu O3. | H46: T8/26 FINAL: 1.73%
A47: R68 | B47: FB+Store | C47: DT Tổng (FB+Store) | D47: Tổng DT toàn hệ thống trong tháng. | E47: DT FB + DT Store | F47: 🟢 Tính từ fill_daily = R6 + R35 | G47: Chỉ số revenue chính so Target Q3/năm. | H47: T8/26 FINAL: 1,572,251,449đ Target: 2,022,453,004đ → 77.7%
A48: R70 | B48: FB+Store | C48: Số lần mua TB/KH trong tháng | D48: Trung bình số đơn mỗi KH đặt trong tháng T (mỗi kênh tính riêng). | E48: (Σ đơn FB ÷ KH FB trong T + Σ đơn Store ÷ KH Store trong T) ÷ 2 | F48: 🟡 metrics_script | G48: Bình thường: 1.05–1.25. >1.3 = có thể đếm đơn trả chưa loại đúng. | H48: T8/26 FINAL: 1.132
A49: R71 | B49: FB+Store | C49: Win-back Pool | D49: Số KH (gộp FB+Store, unique SĐT) có ≥2 đơn lịch sử VÀ lần mua cuối >60 ngày trước T_END. | E49: COUNT DISTINCT SĐT (FB ∪ Store) với: - tổng đơn ≥ 2 - (T_END − ngay_mua_cuoi) > 60 ngày ⚠️ Cutoff tính từ T_END (ngày cuối data), KHÔNG phải TODAY! ⚠️ WB_CUTOFF = T_END − timedelta(days=60) | F49: 🟡 metrics_script (WB_CUTOFF = T_END − 60d) | G49: Pool lớn = nhiều cơ hội. Chạy chiến dịch Zalo/SMS định kỳ để giảm pool. | H49: T8/26 FINAL: 20,428 KH (cutoff = 1/7/2026)
A50: R72 | B50: FB+Store | C50: Win-back Thành Công | D50: Số KH trong Pool tháng TRƯỚC có đơn trong tháng T. | E50: COUNT(Pool tại T_END_tháng_trước ∩ KH có đơn trong T) Pool tháng trước = KH với ≥2 đơn VÀ (T_START − ngay_mua_cuoi) > 60 ngày | F50: 🟡 metrics_script | G50: Win-back rate = R72 ÷ Pool tháng trước. Target: 6–12%. | H50: T8/26 FINAL: 1,396 KH = 6.83% của pool 20,428
A51: 📊 TẦN SUẤT MUA & CLV
A52: R73 | B52: FB+Store | C52: Tần suất mua TB (ngày/lần) — WEIGHTED | D52: Khoảng cách TB giữa 2 lần mua liên tiếp, tính WEIGHTED trên TẤT CẢ KH ≥2 đơn (FB+Store gộp, tích lũy đến cuối T). | E52: round( Σ(ngay_mua_cuoi - ngay_mua_dau)[KH ≥2 đơn] ÷ Σ(cnt-1)[KH ≥2 đơn] ) ⚠️ CÔNG THỨC DUY NHẤT ĐÚNG — weighted tổng/tổng. ⚠️ KHÔNG dùng mean(span/(cnt-1)) per-customer → bị bias. ⚠️ Tích lũy đến T_END (không phải chỉ đơn trong tháng T). | F52: 🟡 metrics_script (weighted, tích lũy) | G52: Giảm dần theo tháng là tốt (KH mua thường xuyên hơn). Tăng = KH đang thưa dần. | H52: T8/26 FINAL: 96 ngày (tích lũy T6/24→T8/26)
A53: R74 | B53: FB | C53: ↳ Tần suất mua FB (ngày/lần) | D53: Tương tự R73 nhưng chỉ tính riêng kênh FB, KH có ≥2 đơn FB. | E53: round( Σ(last-first)[KH FB ≥2 đơn] ÷ Σ(cnt-1)[KH FB ≥2 đơn] ) ⚠️ Cùng công thức weighted, chỉ filter data FB. ⚠️ Giá trị này dùng làm FIXED_FREQ trong tính CLV FB. | F53: 🟡 metrics_script (weighted, chỉ FB) | G53: CHỈ để ghi nhận. FIXED_FREQ_FB = 105 — CỐ ĐỊNH cho CLV. Không tính động. | H53: T8/26: 105 ngày → FIXED_FREQ_FB = 105
A54: R75 | B54: Store | C54: ↳ Tần suất mua Store (ngày/lần) | D54: Tương tự R73 nhưng chỉ tính riêng kênh Store. | E54: round( Σ(last-first)[KH Store ≥2 đơn] ÷ Σ(cnt-1)[KH Store ≥2 đơn] ) ⚠️ Giá trị này dùng làm FIXED_FREQ trong tính CLV Store. | F54: 🟡 metrics_script (weighted, chỉ Store) | G54: CHỈ để ghi nhận. FIXED_FREQ_ST = 100 — CỐ ĐỊNH cho CLV Store. Không tính động. | H54: T8/26: 92 ngày (thực tế) FIXED_FREQ_ST = 100 (calibrated)
A55: R77 | B55: FB | C55: CLV FB realized (avg_life model) | D55: Ước tính tổng giá trị 1 KH FB trong toàn vòng đời, dựa trên avg_life thực tế T8/26. | E55: AOV_KH_cũ_FB × (9.921 × 30 ÷ 105) ⚠️ avg_life_FB = 9.921 tháng — từ T8/26 actual, CỐ ĐỊNH. ⚠️ freq = 105 CỐ ĐỊNH. ⚠️ KHÔNG dùng Σ(tất cả DT lịch sử) ÷ COUNT(SĐT) — bị ảnh hưởng bởi độ dài dataset. | F55: 🟡 metrics_script (công thức cố định) | G55: CLV realized < CLV 12M là bình thường (avg lifetime ~9.9 tháng). CLV/CAC > 3 là tốt. | H55: T8/26 FINAL: 1,403,662đ = 496,244 × 297/105 (avg_life=9.921 tháng × 30/105)
A56: R78 | B56: Store | C56: CLV Store realized (avg_life model) | D56: Ước tính tổng giá trị 1 KH Store trong toàn vòng đời. | E56: AOV_KH_cũ_Store × (8.005 × 30 ÷ 100) ⚠️ avg_life_Store = 8.005 tháng — từ T8/26 actual, CỐ ĐỊNH. ⚠️ freq = 100 CỐ ĐỊNH. | F56: 🟡 metrics_script (công thức cố định) | G56: CLV Store realized. avg_life_Store = 8.005 tháng (ngắn hơn FB do chu kỳ mua khác). | H56: T8/26 FINAL: 908,377đ = 378,254 × 240.15/100 (avg_life=8.005 tháng × 30/100)
A57: R79 | B57: FB | C57: CLV FB 12M rolling (= R32) | D57: Cùng giá trị R32 — đặt ở đây để compare song song FB vs Store. | F57: 🟡 = R32 | G57: Đặt cạnh R77 để so sánh realized vs projected. Nếu R77 > R79 = KH giữ >12 tháng. | H57: T8/26 FINAL: 1,725,039đ (= R32)
A58: R80 | B58: Store | C58: CLV Store 12M rolling (= R60) | D58: Cùng giá trị R60 — đặt ở đây để compare song song. | F58: 🟡 = R60 | G58: Đặt cạnh R78 để so sánh realized vs projected Store. | H58: T8/26 FINAL: 1,380,627đ (= R60)

Sheet 📊 MASTER
A1: CARASE FB & STORE • BẢNG CHỈ SỐ TỔNG HỢP • T1/2025 → T9/2026
A2: ⬜ Baseline T1/2025–T5/2026 🟡 Upload Nhanh.vn cuối tháng → Claude tính 🟢 Tự kéo từ DAILY T6–T9
A3: Nhóm | B3: Chỉ số | C3: Đơn vị | D3: T1/25 | E3: T2/25 | F3: T3/25 | G3: T4/25 | H3: T5/25 | I3: T6/25 | J3: T7/25 | K3: T8/25 | L3: T9/25 | M3: T10/25 | N3: T11/25 | O3: T12/25 | P3: T1/26 | Q3: T2/26 | R3: T3/26 | S3: T4/26 | T3: T5/26 | U3: T6/26 | V3: T7/26 | W3: T8/26 | X3: T9/26 | Y3: T10/26 | Z3: T11/26 | AA3: T12/26
A4: 1️⃣ FACEBOOK
A5: ── 📦 DOANH THU & ADS ──
B6: Doanh thu FB | C6: đồng | D6: 2593266408 | E6: 1552035250 | F6: 1710878799 | G6: 1625165700 | H6: 1612742619 | I6: 1485108141 | J6: 1516653857 | K6: 1524295202 | L6: 1252820587 | M6: 1404904915 | N6: 1453058083 | O6: 1544416636 | P6: 1734857213 | Q6: 1395864733 | R6: 1253152295 | S6: 1160967589 | T6: 1110861751 | U6: 1108267977 | V6: 1196538826 | W6: 1152990671 | X6: 996482993 | Y6: 630370510
B7: Đơn hàng FB | C7: đơn | D7: 4840 | E7: 2758 | F7: 3136 | G7: 3124 | H7: 3210 | I7: 2988 | J7: 3107 | K7: 3191 | L7: 2792 | M7: 3333 | N7: 3431 | O7: 3486 | P7: 3818 | Q7: 2978 | R7: 2761 | S7: 2540 | T7: 2451 | U7: 2470 | V7: 2822 | W7: 2630 | X7: 2338 | Y7: 1462
B8: AOV FB | C8: đồng/đơn | D8: 535799 | E8: 562739 | F8: 545561 | G8: 520219 | H8: 502412 | I8: 497024 | J8: 488141 | K8: 477686 | L8: 448718 | M8: 421514 | N8: 423509 | O8: 443034 | P8: 454389 | Q8: 468726 | R8: 453876 | S8: 457074 | T8: 453228 | U8: 448691 | V8: 424004 | W8: 438399 | X8: 426212 | Y8: 431170
B9: CMT + Inbox Vpage | C9: lượt | D9: 9627 | E9: 6309 | F9: 6503 | G9: 6784 | H9: 6098 | I9: 5749 | J9: 6827 | K9: 6173 | L9: 5668 | M9: 6361 | N9: 6898 | O9: 7275 | P9: 9054 | Q9: 7364 | R9: 5790 | S9: 4999 | T9: 5231 | U9: 5789 | V9: 5129 | W9: 4841 | X9: 4205 | Y9: 3059
C10: đồng
B11: CR% (Đơn FB / CMT+IB) | C11: % | D11: 0.50275267 | E11: 0.43715327 | F11: 0.48223897 | G11: 0.46049528 | H11: 0.5264021 | I11: 0.51974256 | J11: 0.45510473 | K11: 0.51692856 | L11: 0.49258998 | M11: 0.52397422 | N11: 0.49739055 | O11: 0.47917526 | P11: 0.42169207 | Q11: 0.40439978 | R11: 0.47685665 | S11: 0.50810162 | T11: 0.46855286 | U11: 0.42667127 | V11: 0.55020472 | W11: 0.54327618 | X11: 0.55600476 | Y11: =Y7/Y9 -> 0.47793397
C12: lần
A13: ── 👤 KHÁCH HÀNG FB ──
A14: Acquisition
B15: KH mới FB | C15: KH | D15: 4577 | E15: 2189 | F15: 2155 | G15: 1839 | H15: 1712 | I15: 1497 | J15: 1451 | K15: 1396 | L15: 1181 | M15: 1406 | N15: 1436 | O15: 1351 | P15: 1579 | Q15: 1102 | R15: 988 | S15: 797 | T15: 704 | U15: 706 | V15: 872 | W15: 769 | X15: 713 | Y15: 395
B16: ↳ AOV lần đầu FB | C16: đồng/đơn | D16: 566586 | E16: 612368 | F16: 594273 | G16: 559704 | H16: 536669 | I16: 521893 | J16: 502606 | K16: 506250 | L16: 461143 | M16: 418980 | N16: 428557 | O16: 448014 | P16: 453818 | Q16: 452441 | R16: 468173 | S16: 440712 | T16: 440995 | U16: 447465 | V16: 418543 | W16: 433780 | X16: 416312 | Y16: 410526
B17: Activation: lần 1→2 trong 90 ngày | C17: % | D17: 0 | E17: 343 | F17: 602 | G17: 518 | H17: 418 | I17: 311 | J17: 262 | K17: 205 | L17: 169 | M17: 192 | N17: 185 | O17: 229 | P17: 207 | Q17: 171 | R17: 148 | S17: 128 | T17: 99 | U17: 106 | V17: 119 | W17: 125 | X17: 97 | Y17: 86
B18: Cohort: KH mới T-1 → mua lại T này | C18: % | D18: 0 | E18: 383 | F18: 213 | G18: 182 | H18: 143 | I18: 127 | J18: 107 | K18: 95 | L18: 90 | M18: 97 | N18: 99 | O18: 107 | P18: 105 | Q18: 93 | R18: 59 | S18: 66 | T18: 57 | U18: 58 | V18: 72 | W18: 81 | X18: 48 | Y18: 39
A19: Retention
B20: KH cũ FB mua lại (tổng tháng) | C20: KH | D20: 0 | E20: 383 | F20: 773 | G20: 1051 | H20: 1251 | I20: 1291 | J20: 1414 | K20: 1524 | L20: 1403 | M20: 1623 | N20: 1743 | O20: 1853 | P20: 1972 | Q20: 1728 | R20: 1554 | S20: 1533 | T20: 1556 | U20: 1554 | V20: 1690 | W20: 1633 | X20: 1407 | Y20: 999
B21: ↳ AOV KH cũ FB | C21: đồng/đơn | D21: 0 | E21: 552378 | F21: 556559 | G21: 566955 | H21: 554729 | I21: 545186 | J21: 556841 | K21: 536464 | L21: 504783 | M21: 502661 | N21: 480579 | O21: 506827 | P21: 516369 | Q21: 519256 | R21: 508750 | S21: 528193 | T21: 514397 | U21: 509883 | V21: 492053 | W21: 501784 | X21: 497266 | Y21: 468682
B22: % Retention FB | C22: % | D22: 0 | E22: 0.1489 | F22: 0.264 | G22: 0.3637 | H22: 0.4222 | I22: 0.4631 | J22: 0.4935 | K22: 0.5219 | L22: 0.543 | M22: 0.5358 | N22: 0.5483 | O22: 0.5783 | P22: 0.5553 | Q22: 0.6106 | R22: 0.6113 | S22: 0.6579 | T22: 0.6885 | U22: 0.6876 | V22: 0.6596 | W22: 0.6799 | X22: 0.6637 | Y22: 0.7166
B23: ↳ Mua lại ≤30 ngày | C23: KH | D23: 208 | E23: 120 | F23: 136 | G23: 123 | H23: 116 | I23: 91 | J23: 95 | K23: 108 | L23: 127 | M23: 126 | N23: 204 | O23: 264 | P23: 227 | Q23: 256 | R23: 185 | S23: 203 | T23: 191 | U23: 395 | V23: 458 | W23: 490 | X23: 376 | Y23: 228
B24: ↳ AOV | C24: đồng/đơn | D24: 580443 | E24: 516482 | F24: 520544 | G24: 506154 | H24: 444870 | I24: 544447 | J24: 553412 | K24: 551739 | L24: 502434 | M24: 487008 | N24: 515800 | O24: 515035 | P24: 565363 | Q24: 487576 | R24: 506915 | S24: 579616 | T24: 498816 | U24: 427919 | V24: 410866 | W24: 473743 | X24: 455758 | Y24: 413368
B25: ↳ Mua lại 31–90 ngày | C25: KH | D25: 704 | E25: 459 | F25: 550 | G25: 374 | H25: 412 | I25: 338 | J25: 394 | K25: 393 | L25: 355 | M25: 478 | N25: 593 | O25: 654 | P25: 777 | Q25: 682 | R25: 681 | S25: 650 | T25: 584 | U25: 491 | V25: 520 | W25: 483 | X25: 388 | Y25: 363
B26: ↳ AOV | C26: đồng/đơn | D26: 584820 | E26: 571884 | F26: 580070 | G26: 536181 | H26: 562449 | I26: 499206 | J26: 537405 | K26: 489004 | L26: 479740 | M26: 498779 | N26: 473184 | O26: 496771 | P26: 507713 | Q26: 521206 | R26: 507917 | S26: 512198 | T26: 532485 | U26: 450680 | V26: 472067 | W26: 524029 | X26: 504574 | Y26: 506010
B27: ↳ Mua lại >90 ngày | C27: KH | D27: 697 | E27: 414 | F27: 566 | G27: 615 | H27: 617 | I27: 600 | J27: 635 | K27: 784 | L27: 602 | M27: 766 | N27: 1005 | O27: 962 | P27: 1034 | Q27: 820 | R27: 712 | S27: 700 | T27: 786 | U27: 698 | V27: 761 | W27: 682 | X27: 548 | Y27: 408
B28: ↳ AOV | C28: đồng/đơn | D28: 606306 | E28: 636101 | F28: 593665 | G28: 587223 | H28: 566389 | I28: 543742 | J28: 554666 | K28: 521419 | L28: 510631 | M28: 481273 | N28: 480211 | O28: 506887 | P28: 525092 | Q28: 523625 | R28: 513235 | S28: 514169 | T28: 504044 | U28: 436911 | V28: 476924 | W28: 503197 | X28: 516325 | Y28: 466381
A29: Loyalty
B30: KH FB mua lần 3+ | C30: KH | D30: 0 | E30: 316 | F30: 651 | G30: 896 | H30: 1064 | I30: 1090 | J30: 1245 | K30: 1331 | L30: 1214 | M30: 1388 | N30: 1495 | O30: 1539 | P30: 1600 | Q30: 1419 | R30: 1325 | S30: 1338 | T30: 1327 | U30: 1297 | V30: 1417 | W30: 1330 | X30: 1120 | Y30: 768
B31: ↳ AOV lần 3+ | C31: đồng/đơn | D31: 0 | E31: 576016 | F31: 575471 | G31: 576936 | H31: 571768 | I31: 556704 | J31: 567906 | K31: 543109 | L31: 512685 | M31: 515872 | N31: 492313 | O31: 519797 | P31: 532066 | Q31: 533361 | R31: 522920 | S31: 539741 | T31: 525308 | U31: 523972 | V31: 505674 | W31: 514455 | X31: 522057 | Y31: 487392
B32: CLV 12 tháng rolling (FB) | C32: đồng/KH | D32: 0 | E32: 1920171 | F32: 1934705 | G32: 1970844 | H32: 1928344 | I32: 1895170 | J32: 1935685 | K32: 1864851 | L32: 1754722 | M32: 1747345 | N32: 1670584 | O32: 1761827 | P32: 1794997 | Q32: 1805033 | R32: 1768512 | S32: 1836099 | T32: 1788142 | U32: 1772450 | V32: 1710470 | W32: 1744297 | X32: 1728591 | Y32: 1629228
A33: 2️⃣ STORE
A34: ── 📦 DOANH THU STORE ──
B35: DT Store Tổng (NDC+PH+NGT+350C*) | C35: đồng | D35: 1091554316 | E35: 499607370 | F35: 567264028 | G35: 528594128 | H35: 498208343 | I35: 543406694 | J35: 582713951 | K35: 511779723 | L35: 450985516 | M35: 563065588 | N35: 617168731 | O35: 797994010 | P35: 925450315 | Q35: 971109989 | R35: 549533678 | S35: 582438107 | T35: 504185071 | U35: 511897403 | V35: 532369434 | W35: 479586306 | X35: 451831952 | Y35: 319808874
B36: ↳ NDC (619 Nguyễn Đình Chiểu) | C36: đồng | D36: 540944566 | E36: 268103870 | F36: 290563128 | G36: 254830500 | H36: 256470352 | I36: 260893480 | J36: 301482693 | K36: 261515520 | L36: 234853685 | M36: 292613845 | N36: 315279874 | O36: 425053629 | P36: 498976878 | Q36: 466415524 | R36: 273260815 | S36: 339489341 | T36: 266591829 | U36: 259327182 | V36: 274528089 | W36: 242620655 | X36: 232187993 | Y36: 164300186
B37: ↳ Phố Huế (02 Phố Huế) | C37: đồng | D37: 356945800 | E37: 145126500 | F37: 172657900 | G37: 176377128 | H37: 152411750 | I37: 181624920 | J37: 159269196 | K37: 153183571 | L37: 141817617 | M37: 176059491 | N37: 178778384 | O37: 210046402 | P37: 212730879 | Q37: 299922606 | R37: 150994415 | S37: 119328315 | T37: 125042886 | U37: 126589058 | V37: 129418093 | W37: 125115639 | X37: 120531728 | Y37: 92240126
B38: ↳ NGT (88 Nguyễn Gia Trí) | C38: đồng | D38: 191584950 | E38: 86377000 | F38: 103913000 | G38: 97386500 | H38: 89326241 | I38: 100888294 | J38: 121962062 | K38: 96405115 | L38: 74134714 | M38: 94392252 | N38: 123110473 | O38: 162893979 | P38: 213742558 | Q38: 204771859 | R38: 125278448 | S38: 123620451 | T38: 112550356 | U38: 125981163 | V38: 128423252 | W38: 111850012 | X38: 99112231 | Y38: 63268562
B39: Đơn hàng Store | C39: đơn | D39: 2635 | E39: 1242 | F39: 1571 | G39: 1512 | H39: 1566 | I39: 1602 | J39: 1752 | K39: 1643 | L39: 1510 | M39: 2061 | N39: 2296 | O39: 2690 | P39: 3020 | Q39: 2950 | R39: 1851 | S39: 1843 | T39: 1718 | U39: 1672 | V39: 1725 | W39: 1542 | X39: 1405 | Y39: 1073
B40: AOV Store | C40: đồng/đơn | D40: 414252 | E40: 402260 | F40: 361085 | G40: 349599 | H40: 318141 | I40: 339205 | J40: 332599 | K40: 311491 | L40: 298666 | M40: 273200 | N40: 268802 | O40: 296652 | P40: 306441 | Q40: 329190 | R40: 296885 | S40: 316027 | T40: 293472 | U40: 306159 | V40: 308620 | W40: 311016 | X40: 321589 | Y40: 298051
B41: ↳ 350C Hoàng Văn Thụ (DT net, T1/25–T11/25) | C41: đồng | D41: 197855700 | E41: 80871600 | F41: 90632300 | G41: 78819000 | H41: 81460000 | I41: 79296461 | J41: 85433380 | K41: 72001899 | L41: 60530252 | M41: 85030158 | N41: 46133063
B43: KH mới Store | C43: KH | D43: 1644 | E43: 710 | F43: 809 | G43: 805 | H43: 803 | I43: 800 | J43: 862 | K43: 768 | L43: 770 | M43: 994 | N43: 1124 | O43: 1236 | P43: 1432 | Q43: 1365 | R43: 809 | S43: 745 | T43: 640 | U43: 588 | V43: 640 | W43: 527 | X43: 486 | Y43: 347
B44: ↳ AOV lần đầu Store | C44: đồng/đơn | D44: 449729 | E44: 445358 | F44: 383012 | G44: 373856 | H44: 328767 | I44: 373397 | J44: 370860 | K44: 349367 | L44: 315943 | M44: 313350 | N44: 299471 | O44: 331818 | P44: 328741 | Q44: 354289 | R44: 321968 | S44: 334688 | T44: 308833 | U44: 340315 | V44: 318946 | W44: 338511 | X44: 372095 | Y44: 312752
B45: Activation: lần 1→2 trong 90 ngày | C45: % | D45: 150 | E45: 97 | F45: 131 | G45: 78 | H45: 88 | I45: 100 | J45: 103 | K45: 118 | L45: 98 | M45: 132 | N45: 146 | O45: 181 | P45: 199 | Q45: 201 | R45: 143 | S45: 150 | T45: 98 | U45: 85 | V45: 83 | W45: 60 | X45: 59 | Y45: 51
B46: Cohort: KH mới T-1 → mua lại T này | C46: % | D46: 72 | E46: 51 | F46: 39 | G46: 46 | H46: 39 | I46: 53 | J46: 59 | K46: 68 | L46: 56 | M46: 71 | N46: 83 | O46: 97 | P46: 113 | Q46: 79 | R46: 64 | S46: 69 | T46: 56 | U46: 44 | V46: 36 | W46: 34 | X46: 28 | Y46: 22
A47: Retention
B48: KH cũ Store mua lại (tổng tháng) | C48: KH | D48: 701 | E48: 371 | F48: 526 | G48: 500 | H48: 542 | I48: 590 | J48: 625 | K48: 631 | L48: 533 | M48: 714 | N48: 825 | O48: 1026 | P48: 1165 | Q48: 1206 | R48: 782 | S48: 871 | T48: 835 | U48: 845 | V48: 826 | W48: 791 | X48: 676 | Y48: 553
B49: ↳ AOV KH cũ Store | C49: đồng/đơn | D49: 502425 | E49: 494348 | F49: 489367 | G49: 455280 | H49: 432119 | I49: 414727 | J49: 420852 | K49: 385841 | L49: 389699 | M49: 352375 | N49: 340076 | O49: 378038 | P49: 390295 | Q49: 404234 | R49: 369644 | S49: 382429 | T49: 367104 | U49: 368985 | V49: 397390 | W49: 380772 | X49: 400879 | Y49: 383823
B50: % Retention Store | C50: % | D50: 0.2989 | E50: 0.3432 | F50: 0.394 | G50: 0.3831 | H50: 0.403 | I50: 0.4245 | J50: 0.4203 | K50: 0.451 | L50: 0.4091 | M50: 0.418 | N50: 0.4233 | O50: 0.4536 | P50: 0.4486 | Q50: 0.4691 | R50: 0.4915 | S50: 0.539 | T50: 0.5661 | U50: 0.5897 | V50: 0.5634 | W50: 0.6002 | X50: 0.5818 | Y50: 0.6144
B51: ↳ Mua lại ≤30 ngày | C51: KH | D51: 77 | E51: 66 | F51: 50 | G51: 58 | H51: 68 | I51: 81 | J51: 84 | K51: 99 | L51: 78 | M51: 91 | N51: 93 | O51: 135 | P51: 159 | Q51: 204 | R51: 85 | S51: 109 | T51: 93 | U51: 168 | V51: 181 | W51: 174 | X51: 125 | Y51: 92
B52: ↳ AOV | C52: đồng/đơn | D52: 772562 | E52: 626734 | F52: 343740 | G52: 474534 | H52: 377264 | I52: 320401 | J52: 432409 | K52: 483220 | L52: 422123 | M52: 482900 | N52: 354030 | O52: 400730 | P52: 414917 | Q52: 333905 | R52: 462217 | S52: 422537 | T52: 349056 | U52: 306908 | V52: 314399 | W52: 500388 | X52: 526821 | Y52: 534667
B53: ↳ Mua lại 31–90 ngày | C53: KH | D53: 286 | E53: 146 | F53: 234 | G53: 191 | H53: 182 | I53: 173 | J53: 203 | K53: 220 | L53: 198 | M53: 243 | N53: 287 | O53: 341 | P53: 406 | Q53: 413 | R53: 344 | S53: 359 | T53: 275 | U53: 252 | V53: 229 | W53: 223 | X53: 187 | Y53: 172
B54: ↳ AOV | C54: đồng/đơn | D54: 448317 | E54: 416325 | F54: 430083 | G54: 413732 | H54: 349670 | I54: 328541 | J54: 341310 | K54: 328074 | L54: 336192 | M54: 304778 | N54: 282490 | O54: 326296 | P54: 340607 | Q54: 359946 | R54: 311915 | S54: 336999 | T54: 339629 | U54: 329485 | V54: 330301 | W54: 369027 | X54: 374974 | Y54: 321250
B55: ↳ Mua lại >90 ngày | C55: KH | D55: 335 | E55: 148 | F55: 233 | G55: 241 | H55: 272 | I55: 317 | J55: 319 | K55: 296 | L55: 245 | M55: 353 | N55: 417 | O55: 506 | P55: 543 | Q55: 571 | R55: 335 | S55: 393 | T55: 441 | U55: 398 | V55: 391 | W55: 394 | X55: 319 | Y55: 289
B56: ↳ AOV | C56: đồng/đơn | D56: 487036 | E56: 511400 | F56: 493220 | G56: 426108 | H56: 429441 | I56: 428227 | J56: 402582 | K56: 389444 | L56: 366995 | M56: 354100 | N56: 329327 | O56: 356382 | P56: 369487 | Q56: 393484 | R56: 346001 | S56: 373400 | T56: 335357 | U56: 336422 | V56: 354566 | W56: 334595 | X56: 362945 | Y56: 373044
A57: Loyalty
B58: KH Store mua lần 3+ | C58: KH | D58: 543 | E58: 294 | F58: 396 | G58: 411 | H58: 432 | I58: 486 | J58: 492 | K58: 515 | L58: 419 | M58: 562 | N58: 630 | O58: 798 | P58: 862 | Q58: 878 | R58: 595 | S58: 677 | T58: 621 | U58: 642 | V58: 624 | W58: 599 | X58: 513 | Y58: 386
B59: ↳ AOV lần 3+ | C59: đồng/đơn | D59: 522589 | E59: 506436 | F59: 511349 | G59: 465799 | H59: 448520 | I59: 438740 | J59: 437617 | K59: 404388 | L59: 414450 | M59: 370627 | N59: 356899 | O59: 403118 | P59: 412354 | Q59: 425525 | R59: 382619 | S59: 400449 | T59: 391955 | U59: 390952 | V59: 421658 | W59: 404393 | X59: 435451 | Y59: 415947
B60: CLV 12 tháng rolling (Store) | C60: đồng/KH | D60: 1833851 | E60: 1804370 | F60: 1786190 | G60: 1661772 | H60: 1577234 | I60: 1513754 | J60: 1536110 | K60: 1408320 | L60: 1422401 | M60: 1286169 | N60: 1241277 | O60: 1379839 | P60: 1424577 | Q60: 1475454 | R60: 1349201 | S60: 1395866 | T60: 1339930 | U60: 1346795 | V60: 1450474 | W60: 1389818 | X60: 1463208 | Y60: 1400954
A61: 3️⃣ O3 (KÍNH GỌNG + ẤN MẮT)
A62: ── 👓 DOANH THU O3 ──
B63: DT O3 (Tròng + Mắt Kính) — FB + Store | C63: đồng | D63: 87240654 | E63: 65243000 | F63: 62782000 | G63: 43304000 | H63: 39079544 | I63: 52499000 | J63: 22881034 | K63: 51224832 | L63: 34352665 | M63: 77261699 | N63: 130425056 | O63: 122721120 | P63: 61484513 | Q63: 56922457 | R63: 63782621 | S63: 29806251 | T63: 22615042 | U63: 27162334 | V63: 40164072 | W63: 30530917 | X63: 17388002 | Y63: 6970726
B64: % O3 / DT Tổng (FB + Store) | C64: % | D64: 0.0276 | E64: 0.0386 | F64: 0.0334 | G64: 0.0259 | H64: 0.0241 | I64: 0.0337 | J64: 0.0139 | K64: 0.0308 | L64: 0.0251 | M64: 0.0462 | N64: 0.0638 | O64: 0.053 | P64: 0.0231 | Q64: 0.024 | R64: 0.0354 | S64: 0.0171 | T64: 0.014 | U64: 0.017 | V64: 0.023313381 | W64: 0.018781109 | X64: 0.01201 | Y64: 0.007336
D65: 0 | E65: 0 | F65: 0 | G65: 0 | H65: 0 | I65: 0 | J65: 0 | K65: 0 | L65: 0 | M65: 0 | N65: 0 | O65: 0 | P65: 0 | Q65: 0 | R65: 0 | S65: 0 | T65: 0 | U65: 0 | V65: 0 | W65: 0
A66: 4️⃣ TỔNG HỢP
A67: ── 📊 TỔNG & CROSS-CHANNEL ──
B68: DT Tổng (FB + Store) | C68: đồng | D68: 3684820724 | E68: 2051642620 | F68: 2278142827 | G68: 2153759828 | H68: 2110950962 | I68: 2028514835 | J68: 2099367808 | K68: 2036074925 | L68: 1703806103 | M68: 1967970503 | N68: 2070226814 | O68: 2342410646 | P68: 2660307528 | Q68: 2366974722 | R68: 1802685973 | S68: 1743405696 | T68: 1615046822 | U68: 1620165380 | V68: 1728908260 | W68: 1632576977 | X68: 1448314945 | Y68: 950179384
B70: Số lần mua TB / KH trong tháng | C70: lần | D70: 1.091 | E70: 1.111 | F70: 1.124 | G70: 1.12 | H70: 1.124 | I70: 1.113 | J70: 1.133 | K70: 1.136 | L70: 1.121 | M70: 1.157 | N70: 1.136 | O70: 1.148 | P70: 1.13 | Q70: 1.11 | R70: 1.134 | S70: 1.126 | T70: 1.138 | U70: 1.143 | V70: 1.141 | W70: 1.135 | X70: 1.16 | Y70: 1.128
B71: Win-back pool (im lặng >60 ngày) | C71: KH | D71: 4862 | E71: 5582 | F71: 8931 | G71: 10614 | H71: 12426 | I71: 14194 | J71: 15991 | K71: 17806 | L71: 19598 | M71: 21392 | N71: 22983 | O71: 25041 | P71: 27412 | Q71: 29635 | R71: 32710 | S71: 35971 | T71: 37996 | U71: 39886 | V71: 41729 | W71: 43648 | X71: 45843 | Y71: 17880
B72: Win-back thành công tháng này | C72: KH | D72: 0 | E72: 354 | F72: 552 | G72: 670 | H72: 628 | I72: 659 | J72: 703 | K72: 822 | L72: 640 | M72: 839 | N72: 1043 | O72: 1045 | P72: 1104 | Q72: 1117 | R72: 823 | S72: 895 | T72: 1020 | U72: 984 | V72: 1493 | W72: 1449 | X72: 1228 | Y72: 836
B73: Tần suất mua TB (ngày/lần) | C73: ngày | D73: 56 | E73: 58 | F73: 61 | G73: 63 | H73: 66 | I73: 69 | J73: 72 | K73: 75 | L73: 77 | M73: 80 | N73: 84 | O73: 87 | P73: 90 | Q73: 92 | R73: 93 | S73: 94 | T73: 95 | U73: 96 | V73: 97 | W73: 96 | X73: 96 | Y73: 87
B74: ↳ Tần suất mua FB (ngày/lần) | D74: 58 | E74: 60 | F74: 63 | G74: 66 | H74: 70 | I74: 73 | J74: 76 | K74: 80 | L74: 83 | M74: 86 | N74: 90 | O74: 93 | P74: 97 | Q74: 99 | R74: 100 | S74: 101 | T74: 102 | U74: 103 | V74: 104 | W74: 105 | X74: 106 | Y74: 89
B75: ↳ Tần suất mua Store (ngày/lần) | D75: 56 | E75: 57 | F75: 60 | G75: 62 | H75: 65 | I75: 68 | J75: 70 | K75: 73 | L75: 74 | M75: 77 | N75: 80 | O75: 84 | P75: 89 | Q75: 93 | R75: 94 | S75: 96 | T75: 97 | U75: 99 | V75: 99 | W75: 92 | X75: 93 | Y75: 94
A76: ── 💎 CLV — Tổng lịch sử & 12 tháng ──
B77: CLV FB (tổng lịch sử / KH FB) | C77: đồng/KH | D77: 0 | E77: 618741 | F77: 623424 | G77: 635069 | H77: 621375 | I77: 610685 | J77: 623740 | K77: 600915 | L77: 565428 | M77: 563051 | N77: 538316 | O77: 567718 | P77: 578406 | Q77: 581640 | R77: 569872 | S77: 591651 | T77: 576197 | U77: 571141 | V77: 551169 | W77: 562069 | X77: 557008 | Y77: 1328513
B78: CLV Store (tổng lịch sử / KH Store) | C78: đồng/KH | D78: 526419 | E78: 517956 | F78: 512737 | G78: 477022 | H78: 452755 | I78: 434533 | J78: 440950 | K78: 404267 | L78: 408310 | M78: 369203 | N78: 356317 | O78: 396092 | P78: 408934 | Q78: 423539 | R78: 387297 | S78: 400692 | T78: 384635 | U78: 386606 | V78: 416368 | W78: 398956 | X78: 420023 | Y78: 921751
B79: CLV FB 12 tháng rolling | C79: đồng/KH | D79: 0 | E79: 1920171 | F79: 1934705 | G79: 1970844 | H79: 1928344 | I79: 1895170 | J79: 1935685 | K79: 1864851 | L79: 1754722 | M79: 1747345 | N79: 1670584 | O79: 1761827 | P79: 1794997 | Q79: 1805033 | R79: 1768512 | S79: 1836099 | T79: 1788142 | U79: 1772450 | V79: 1710470 | W79: 1744297 | X79: 1728591 | Y79: 1629228
B80: CLV Store 12 tháng rolling | C80: đồng/KH | D80: 1833851 | E80: 1804370 | F80: 1786190 | G80: 1661772 | H80: 1577234 | I80: 1513754 | J80: 1536110 | K80: 1408320 | L80: 1422401 | M80: 1286169 | N80: 1241277 | O80: 1379839 | P80: 1424577 | Q80: 1475454 | R80: 1349201 | S80: 1395866 | T80: 1339930 | U80: 1346795 | V80: 1450474 | W80: 1389818 | X80: 1463208 | Y80: 1400954
A81: 📌 Ô vàng: Upload Nhanh.vn cuối tháng → Claude tính | 🟢 Ô xanh: Tự kéo từ DAILY sheet | CLV Realized đo theo Quý (3 tháng/lần)

Sheet 📅 DAILY T9-25
A1: DAILY INPUT • THÁNG 9/2025 • CARASE FB & STORE
A2: 🟡 Ô VÀNG = Team điền mỗi ngày | 🟢 Ô XANH = Tự tính | Deadline 22:00
A3: 📅 THỜI GIAN | C3: 📱 FACEBOOK | E3: 📢 ADS | G3: 🏪 STORE | K3: 👓 O3 | L3: 📝 | M3: 📊 AUTO | O3: 📊 AUTO | Q3: 📊
A4: Ngày | B4: T | C4: DT FB (đ) | D4: Đơn FB | E4: CMT+IB (Vpage) | F4: CP Ads (đ) | G4: DT NDC (đ) | H4: DT PH (đ) | I4: DT NGT (đ) | J4: Đơn Store | K4: DT O3 (đ) | L4: Ghi chú | M4: DT Store (=G+H+I) | N4: DT Total (=FB+Store) | O4: AOV FB (C/D) | P4: AOV Store (M/J) | Q4: CR% (D/E)
A5: TARGET/THÁNG
A6: 45901 | B6: T2 | C6: 19591791 | D6: 49 | G6: 4758280 | H6: 2213852 | J6: 26 | M6: =IF(SUM(G6:I6)>0,SUM(G6:I6),"") -> 6972132 | N6: =IF(N(C6)+N(M6)>0,N(C6)+N(M6),"") -> 26563923 | O6: =IFERROR(IF(D6>0,C6/D6,""),"") -> 399832.47 | P6: =IFERROR(IF(J6>0,M6/J6,""),"") -> 268158.92 | Q6: =IFERROR(IF(E6>0,D6/E6,""),"")
A7: 45902 | B7: T3 | C7: 14043038 | D7: 35 | G7: 5022454 | H7: 5236003 | J7: 33 | K7: 416666 | M7: =IF(SUM(G7:I7)>0,SUM(G7:I7),"") -> 10258457 | N7: =IF(N(C7)+N(M7)>0,N(C7)+N(M7),"") -> 24301495 | O7: =IFERROR(IF(D7>0,C7/D7,""),"") -> 401229.66 | P7: =IFERROR(IF(J7>0,M7/J7,""),"") -> 310862.33 | Q7: =IFERROR(IF(E7>0,D7/E7,""),"")
A8: 45903 | B8: T4 | C8: 31595138 | D8: 64 | G8: 5662486 | I8: 2961658 | J8: 31 | K8: 4030000 | M8: =IF(SUM(G8:I8)>0,SUM(G8:I8),"") -> 8624144 | N8: =IF(N(C8)+N(M8)>0,N(C8)+N(M8),"") -> 40219282 | O8: =IFERROR(IF(D8>0,C8/D8,""),"") -> 493674.03 | P8: =IFERROR(IF(J8>0,M8/J8,""),"") -> 278198.19 | Q8: =IFERROR(IF(E8>0,D8/E8,""),"")
A9: 45904 | B9: T5 | C9: 36834727 | D9: 81 | G9: 12685411 | H9: 11268018 | I9: 3229141 | J9: 83 | M9: =IF(SUM(G9:I9)>0,SUM(G9:I9),"") -> 27182570 | N9: =IF(N(C9)+N(M9)>0,N(C9)+N(M9),"") -> 64017297 | O9: =IFERROR(IF(D9>0,C9/D9,""),"") -> 454749.72 | P9: =IFERROR(IF(J9>0,M9/J9,""),"") -> 327500.84 | Q9: =IFERROR(IF(E9>0,D9/E9,""),"")
A10: 45905 | B10: T6 | C10: 58478953 | D10: 115 | G10: 7231104 | H10: 3876508 | I10: 2258894 | J10: 60 | K10: 5809149 | M10: =IF(SUM(G10:I10)>0,SUM(G10:I10),"") -> 13366506 | N10: =IF(N(C10)+N(M10)>0,N(C10)+N(M10),"") -> 71845459 | O10: =IFERROR(IF(D10>0,C10/D10,""),"") -> 508512.63 | P10: =IFERROR(IF(J10>0,M10/J10,""),"") -> 222775.1 | Q10: =IFERROR(IF(E10>0,D10/E10,""),"")
A11: 45906 | B11: T7 | C11: 58385506 | D11: 119 | G11: 8169929 | H11: 4431012 | I11: 3696805 | J11: 55 | K11: 444444 | M11: =IF(SUM(G11:I11)>0,SUM(G11:I11),"") -> 16297746 | N11: =IF(N(C11)+N(M11)>0,N(C11)+N(M11),"") -> 74683252 | O11: =IFERROR(IF(D11>0,C11/D11,""),"") -> 490634.5 | P11: =IFERROR(IF(J11>0,M11/J11,""),"") -> 296322.65 | Q11: =IFERROR(IF(E11>0,D11/E11,""),"")
A12: 45907 | B12: CN | C12: 39395437 | D12: 96 | G12: 7235327 | H12: 5821019 | I12: 3292484 | J12: 52 | K12: 83333 | M12: =IF(SUM(G12:I12)>0,SUM(G12:I12),"") -> 16348830 | N12: =IF(N(C12)+N(M12)>0,N(C12)+N(M12),"") -> 55744267 | O12: =IFERROR(IF(D12>0,C12/D12,""),"") -> 410369.14 | P12: =IFERROR(IF(J12>0,M12/J12,""),"") -> 314400.58 | Q12: =IFERROR(IF(E12>0,D12/E12,""),"")
A13: 45908 | B13: T2 | C13: 38961107 | D13: 83 | G13: 5970868 | H13: 3200010 | I13: 3458029 | J13: 40 | K13: 1130158 | M13: =IF(SUM(G13:I13)>0,SUM(G13:I13),"") -> 12628907 | N13: =IF(N(C13)+N(M13)>0,N(C13)+N(M13),"") -> 51590014 | O13: =IFERROR(IF(D13>0,C13/D13,""),"") -> 469410.93 | P13: =IFERROR(IF(J13>0,M13/J13,""),"") -> 315722.67 | Q13: =IFERROR(IF(E13>0,D13/E13,""),"")
A14: 45909 | B14: T3 | C14: 47980110 | D14: 97 | G14: 4494547 | H14: 5326522 | I14: 1101999 | J14: 39 | K14: 761659 | M14: =IF(SUM(G14:I14)>0,SUM(G14:I14),"") -> 10923068 | N14: =IF(N(C14)+N(M14)>0,N(C14)+N(M14),"") -> 58903178 | O14: =IFERROR(IF(D14>0,C14/D14,""),"") -> 494640.31 | P14: =IFERROR(IF(J14>0,M14/J14,""),"") -> 280078.67 | Q14: =IFERROR(IF(E14>0,D14/E14,""),"")
A15: 45910 | B15: T4 | C15: 42957529 | D15: 89 | G15: 7731000 | H15: 3933022 | I15: 1216394 | J15: 41 | K15: 1507200 | M15: =IF(SUM(G15:I15)>0,SUM(G15:I15),"") -> 12880416 | N15: =IF(N(C15)+N(M15)>0,N(C15)+N(M15),"") -> 55837945 | O15: =IFERROR(IF(D15>0,C15/D15,""),"") -> 482668.87 | P15: =IFERROR(IF(J15>0,M15/J15,""),"") -> 314156.49 | Q15: =IFERROR(IF(E15>0,D15/E15,""),"")
A16: 45911 | B16: T5 | C16: 35423290 | D16: 82 | G16: 6536399 | H16: 4443509 | I16: 1614151 | J16: 38 | M16: =IF(SUM(G16:I16)>0,SUM(G16:I16),"") -> 12594059 | N16: =IF(N(C16)+N(M16)>0,N(C16)+N(M16),"") -> 48017349 | O16: =IFERROR(IF(D16>0,C16/D16,""),"") -> 431991.34 | P16: =IFERROR(IF(J16>0,M16/J16,""),"") -> 331422.61 | Q16: =IFERROR(IF(E16>0,D16/E16,""),"")
A17: 45912 | B17: T6 | C17: 41835540 | D17: 106 | G17: 8229871 | H17: 6027008 | I17: 1746928 | J17: 57 | K17: 296296 | M17: =IF(SUM(G17:I17)>0,SUM(G17:I17),"") -> 16003807 | N17: =IF(N(C17)+N(M17)>0,N(C17)+N(M17),"") -> 57839347 | O17: =IFERROR(IF(D17>0,C17/D17,""),"") -> 394674.91 | P17: =IFERROR(IF(J17>0,M17/J17,""),"") -> 280768.54 | Q17: =IFERROR(IF(E17>0,D17/E17,""),"")
A18: 45913 | B18: T7 | C18: 39390229 | D18: 94 | G18: 9591424 | H18: 4290009 | I18: 2593449 | J18: 59 | M18: =IF(SUM(G18:I18)>0,SUM(G18:I18),"") -> 16474882 | N18: =IF(N(C18)+N(M18)>0,N(C18)+N(M18),"") -> 55865111 | O18: =IFERROR(IF(D18>0,C18/D18,""),"") -> 419044.99 | P18: =IFERROR(IF(J18>0,M18/J18,""),"") -> 279235.29 | Q18: =IFERROR(IF(E18>0,D18/E18,""),"")
A19: 45914 | B19: CN | C19: 41538532 | D19: 96 | G19: 10329055 | H19: 7984017 | I19: 2876941 | J19: 70 | K19: 1285700 | M19: =IF(SUM(G19:I19)>0,SUM(G19:I19),"") -> 21190013 | N19: =IF(N(C19)+N(M19)>0,N(C19)+N(M19),"") -> 62728545 | O19: =IFERROR(IF(D19>0,C19/D19,""),"") -> 432693.04 | P19: =IFERROR(IF(J19>0,M19/J19,""),"") -> 302714.47 | Q19: =IFERROR(IF(E19>0,D19/E19,""),"")
A20: 45915 | B20: T2 | C20: 46874211 | D20: 116 | G20: 12566191 | H20: 5017015 | I20: 3173440 | J20: 58 | K20: 324000 | M20: =IF(SUM(G20:I20)>0,SUM(G20:I20),"") -> 20756646 | N20: =IF(N(C20)+N(M20)>0,N(C20)+N(M20),"") -> 67630857 | O20: =IFERROR(IF(D20>0,C20/D20,""),"") -> 404088.03 | P20: =IFERROR(IF(J20>0,M20/J20,""),"") -> 357873.21 | Q20: =IFERROR(IF(E20>0,D20/E20,""),"")
A21: 45916 | B21: T3 | C21: 49914494 | D21: 104 | G21: 7255113 | H21: 4552009 | I21: 1835984 | J21: 43 | K21: 5024001 | M21: =IF(SUM(G21:I21)>0,SUM(G21:I21),"") -> 13643106 | N21: =IF(N(C21)+N(M21)>0,N(C21)+N(M21),"") -> 63557600 | O21: =IFERROR(IF(D21>0,C21/D21,""),"") -> 479947.06 | P21: =IFERROR(IF(J21>0,M21/J21,""),"") -> 317281.53 | Q21: =IFERROR(IF(E21>0,D21/E21,""),"")
A22: 45917 | B22: T4 | C22: 54567632 | D22: 102 | G22: 5825722 | H22: 9666637 | I22: 2183482 | J22: 35 | K22: 1038000 | M22: =IF(SUM(G22:I22)>0,SUM(G22:I22),"") -> 17675841 | N22: =IF(N(C22)+N(M22)>0,N(C22)+N(M22),"") -> 72243473 | O22: =IFERROR(IF(D22>0,C22/D22,""),"") -> 534976.78 | P22: =IFERROR(IF(J22>0,M22/J22,""),"") -> 505024.03 | Q22: =IFERROR(IF(E22>0,D22/E22,""),"")
A23: 45918 | B23: T5 | C23: 39077968 | D23: 87 | G23: 5222939 | H23: 5923243 | I23: 664984 | J23: 39 | K23: 1673809 | M23: =IF(SUM(G23:I23)>0,SUM(G23:I23),"") -> 11811166 | N23: =IF(N(C23)+N(M23)>0,N(C23)+N(M23),"") -> 50889134 | O23: =IFERROR(IF(D23>0,C23/D23,""),"") -> 449172.05 | P23: =IFERROR(IF(J23>0,M23/J23,""),"") -> 302850.41 | Q23: =IFERROR(IF(E23>0,D23/E23,""),"")
A24: 45919 | B24: T6 | C24: 48614994 | D24: 113 | G24: 7338093 | H24: 5774032 | I24: 2459929 | J24: 63 | M24: =IF(SUM(G24:I24)>0,SUM(G24:I24),"") -> 15572054 | N24: =IF(N(C24)+N(M24)>0,N(C24)+N(M24),"") -> 64187048 | O24: =IFERROR(IF(D24>0,C24/D24,""),"") -> 430221.19 | P24: =IFERROR(IF(J24>0,M24/J24,""),"") -> 247175.46 | Q24: =IFERROR(IF(E24>0,D24/E24,""),"")
A25: 45920 | B25: T7 | C25: 64184051 | D25: 133 | G25: 11842915 | H25: 3043003 | I25: 2584176 | J25: 60 | M25: =IF(SUM(G25:I25)>0,SUM(G25:I25),"") -> 17470094 | N25: =IF(N(C25)+N(M25)>0,N(C25)+N(M25),"") -> 81654145 | O25: =IFERROR(IF(D25>0,C25/D25,""),"") -> 482586.85 | P25: =IFERROR(IF(J25>0,M25/J25,""),"") -> 291168.23 | Q25: =IFERROR(IF(E25>0,D25/E25,""),"")
A26: 45921 | B26: CN | C26: 29669073 | D26: 69 | G26: 11213258 | H26: 5978018 | I26: 6314664 | J26: 76 | K26: 2301376 | M26: =IF(SUM(G26:I26)>0,SUM(G26:I26),"") -> 23505940 | N26: =IF(N(C26)+N(M26)>0,N(C26)+N(M26),"") -> 53175013 | O26: =IFERROR(IF(D26>0,C26/D26,""),"") -> 429986.57 | P26: =IFERROR(IF(J26>0,M26/J26,""),"") -> 309288.68 | Q26: =IFERROR(IF(E26>0,D26/E26,""),"")
A27: 45922 | B27: T2 | C27: 33268229 | D27: 73 | G27: 4242893 | H27: 4755512 | I27: 2546967 | J27: 42 | K27: 1790066 | M27: =IF(SUM(G27:I27)>0,SUM(G27:I27),"") -> 11545372 | N27: =IF(N(C27)+N(M27)>0,N(C27)+N(M27),"") -> 44813601 | O27: =IFERROR(IF(D27>0,C27/D27,""),"") -> 455729.16 | P27: =IFERROR(IF(J27>0,M27/J27,""),"") -> 274889.81 | Q27: =IFERROR(IF(E27>0,D27/E27,""),"")
A28: 45923 | B28: T3 | C28: 57928241 | D28: 130 | G28: 7881467 | H28: 3430847 | I28: 2316945 | J28: 41 | K28: 3048770 | M28: =IF(SUM(G28:I28)>0,SUM(G28:I28),"") -> 13629259 | N28: =IF(N(C28)+N(M28)>0,N(C28)+N(M28),"") -> 71557500 | O28: =IFERROR(IF(D28>0,C28/D28,""),"") -> 445601.85 | P28: =IFERROR(IF(J28>0,M28/J28,""),"") -> 332420.95 | Q28: =IFERROR(IF(E28>0,D28/E28,""),"")
A29: 45924 | B29: T4 | C29: 49006759 | D29: 109 | G29: 8641766 | H29: 3799845 | I29: 3535932 | J29: 62 | K29: 2779974 | M29: =IF(SUM(G29:I29)>0,SUM(G29:I29),"") -> 15977543 | N29: =IF(N(C29)+N(M29)>0,N(C29)+N(M29),"") -> 64984302 | O29: =IFERROR(IF(D29>0,C29/D29,""),"") -> 449603.29 | P29: =IFERROR(IF(J29>0,M29/J29,""),"") -> 257702.31 | Q29: =IFERROR(IF(E29>0,D29/E29,""),"")
A30: 45925 | B30: T5 | C30: 43995205 | D30: 102 | G30: 8357707 | H30: 3545005 | I30: 3694207 | J30: 53 | M30: =IF(SUM(G30:I30)>0,SUM(G30:I30),"") -> 15596919 | N30: =IF(N(C30)+N(M30)>0,N(C30)+N(M30),"") -> 59592124 | O30: =IFERROR(IF(D30>0,C30/D30,""),"") -> 431325.54 | P30: =IFERROR(IF(J30>0,M30/J30,""),"") -> 294281.49 | Q30: =IFERROR(IF(E30>0,D30/E30,""),"")
A31: 45926 | B31: T6 | C31: 46995217 | D31: 112 | G31: 6275861 | H31: 5301898 | I31: 2341943 | J31: 51 | K31: 1286000 | M31: =IF(SUM(G31:I31)>0,SUM(G31:I31),"") -> 13919702 | N31: =IF(N(C31)+N(M31)>0,N(C31)+N(M31),"") -> 60914919 | O31: =IFERROR(IF(D31>0,C31/D31,""),"") -> 419600.15 | P31: =IFERROR(IF(J31>0,M31/J31,""),"") -> 272935.33 | Q31: =IFERROR(IF(E31>0,D31/E31,""),"")
A32: 45927 | B32: T7 | C32: 49614957 | D32: 115 | G32: 10291567 | H32: 6519027 | I32: 1619345 | J32: 69 | M32: =IF(SUM(G32:I32)>0,SUM(G32:I32),"") -> 18429939 | N32: =IF(N(C32)+N(M32)>0,N(C32)+N(M32),"") -> 68044896 | O32: =IFERROR(IF(D32>0,C32/D32,""),"") -> 431434.41 | P32: =IFERROR(IF(J32>0,M32/J32,""),"") -> 267100.57 | Q32: =IFERROR(IF(E32>0,D32/E32,""),"")
A33: 45928 | B33: CN | C33: 29293212 | D33: 80 | G33: 9007927 | H33: 4189014 | I33: 4283960 | J33: 56 | M33: =IF(SUM(G33:I33)>0,SUM(G33:I33),"") -> 17480901 | N33: =IF(N(C33)+N(M33)>0,N(C33)+N(M33),"") -> 46774113 | O33: =IFERROR(IF(D33>0,C33/D33,""),"") -> 366165.15 | P33: =IFERROR(IF(J33>0,M33/J33,""),"") -> 312158.95 | Q33: =IFERROR(IF(E33>0,D33/E33,""),"")
A34: 45929 | B34: T2 | C34: 36826801 | D34: 80 | G34: 5650575 | H34: 1750002 | I34: 1260956 | J34: 33 | K34: 3187081 | M34: =IF(SUM(G34:I34)>0,SUM(G34:I34),"") -> 8661533 | N34: =IF(N(C34)+N(M34)>0,N(C34)+N(M34),"") -> 45488334 | O34: =IFERROR(IF(D34>0,C34/D34,""),"") -> 460335.01 | P34: =IFERROR(IF(J34>0,M34/J34,""),"") -> 262470.7 | Q34: =IFERROR(IF(E34>0,D34/E34,""),"")
A35: 45930 | B35: T3 | C35: 26578616 | D35: 66 | G35: 9591536 | H35: 522001 | I35: 3270927 | J35: 44 | K35: 2843714 | M35: =IF(SUM(G35:I35)>0,SUM(G35:I35),"") -> 13384464 | N35: =IF(N(C35)+N(M35)>0,N(C35)+N(M35),"") -> 39963080 | O35: =IFERROR(IF(D35>0,C35/D35,""),"") -> 402706.3 | P35: =IFERROR(IF(J35>0,M35/J35,""),"") -> 304192.36 | Q35: =IFERROR(IF(E35>0,D35/E35,""),"")

Sheet 📅 DAILY T10-25
A1: DAILY INPUT • THÁNG 10/2025 • CARASE FB & STORE
A2: 🟡 Ô VÀNG = Team điền mỗi ngày | 🟢 Ô XANH = Tự tính | Deadline 22:00
A3: 📅 THỜI GIAN | C3: 📱 FACEBOOK | E3: 📢 ADS | G3: 🏪 STORE | K3: 👓 O3 | L3: 📝 | M3: 📊 AUTO | O3: 📊 AUTO | Q3: 📊
A4: Ngày | B4: T | C4: DT FB (đ) | D4: Đơn FB | E4: CMT+IB (Vpage) | F4: CP Ads (đ) | G4: DT NDC (đ) | H4: DT PH (đ) | I4: DT NGT (đ) | J4: Đơn Store | K4: DT O3 (đ) | L4: Ghi chú | M4: DT Store (=G+H+I) | N4: DT Total (=FB+Store) | O4: AOV FB (C/D) | P4: AOV Store (M/J) | Q4: CR% (D/E)
A5: TARGET/THÁNG
A6: 45931 | B6: T4 | C6: 45010927 | D6: 88 | G6: 8633814 | H6: 7409030 | I6: 3053185 | J6: 56 | K6: 4639334 | M6: =IF(SUM(G6:I6)>0,SUM(G6:I6),"") -> 19096029 | N6: =IF(N(C6)+N(M6)>0,N(C6)+N(M6),"") -> 64106956 | O6: =IFERROR(IF(D6>0,C6/D6,""),"") -> 511487.81 | P6: =IFERROR(IF(J6>0,M6/J6,""),"") -> 341000.52 | Q6: =IFERROR(IF(E6>0,D6/E6,""),"")
A7: 45932 | B7: T5 | C7: 58008442 | D7: 140 | G7: 17493440 | H7: 5845048 | I7: 2381135 | J7: 71 | K7: 231481 | M7: =IF(SUM(G7:I7)>0,SUM(G7:I7),"") -> 25719623 | N7: =IF(N(C7)+N(M7)>0,N(C7)+N(M7),"") -> 83728065 | O7: =IFERROR(IF(D7>0,C7/D7,""),"") -> 414346.01 | P7: =IFERROR(IF(J7>0,M7/J7,""),"") -> 362248.21 | Q7: =IFERROR(IF(E7>0,D7/E7,""),"")
A8: 45933 | B8: T6 | C8: 49601544 | D8: 115 | G8: 8370298 | H8: 5441235 | I8: 2403172 | J8: 75 | K8: 2990725 | M8: =IF(SUM(G8:I8)>0,SUM(G8:I8),"") -> 16214705 | N8: =IF(N(C8)+N(M8)>0,N(C8)+N(M8),"") -> 65816249 | O8: =IFERROR(IF(D8>0,C8/D8,""),"") -> 431317.77 | P8: =IFERROR(IF(J8>0,M8/J8,""),"") -> 216196.07 | Q8: =IFERROR(IF(E8>0,D8/E8,""),"")
A9: 45934 | B9: T7 | C9: 61264067 | D9: 144 | G9: 10959619 | H9: 8020160 | I9: 5712537 | J9: 90 | K9: 259259 | M9: =IF(SUM(G9:I9)>0,SUM(G9:I9),"") -> 24692316 | N9: =IF(N(C9)+N(M9)>0,N(C9)+N(M9),"") -> 85956383 | O9: =IFERROR(IF(D9>0,C9/D9,""),"") -> 425444.91 | P9: =IFERROR(IF(J9>0,M9/J9,""),"") -> 274359.07 | Q9: =IFERROR(IF(E9>0,D9/E9,""),"")
A10: 45935 | B10: CN | C10: 45157076 | D10: 94 | G10: 11523563 | H10: 4457011 | I10: 3321838 | J10: 72 | M10: =IF(SUM(G10:I10)>0,SUM(G10:I10),"") -> 19302412 | N10: =IF(N(C10)+N(M10)>0,N(C10)+N(M10),"") -> 64459488 | O10: =IFERROR(IF(D10>0,C10/D10,""),"") -> 480394.43 | P10: =IFERROR(IF(J10>0,M10/J10,""),"") -> 268089.06 | Q10: =IFERROR(IF(E10>0,D10/E10,""),"")
A11: 45936 | B11: T2 | C11: 51694731 | D11: 118 | G11: 4617677 | H11: 3110004 | I11: 1429954 | J11: 37 | K11: 3377158 | M11: =IF(SUM(G11:I11)>0,SUM(G11:I11),"") -> 9157635 | N11: =IF(N(C11)+N(M11)>0,N(C11)+N(M11),"") -> 60852366 | O11: =IFERROR(IF(D11>0,C11/D11,""),"") -> 438090.94 | P11: =IFERROR(IF(J11>0,M11/J11,""),"") -> 247503.65 | Q11: =IFERROR(IF(E11>0,D11/E11,""),"")
A12: 45937 | B12: T3 | C12: 39795110 | D12: 80 | G12: 11169060 | H12: 2084014 | I12: 4552574 | J12: 66 | K12: 648148 | M12: =IF(SUM(G12:I12)>0,SUM(G12:I12),"") -> 17805648 | N12: =IF(N(C12)+N(M12)>0,N(C12)+N(M12),"") -> 57600758 | O12: =IFERROR(IF(D12>0,C12/D12,""),"") -> 497438.88 | P12: =IFERROR(IF(J12>0,M12/J12,""),"") -> 269782.55 | Q12: =IFERROR(IF(E12>0,D12/E12,""),"")
A13: 45938 | B13: T4 | C13: 45887750 | D13: 113 | G13: 5852671 | H13: 7328017 | I13: 1549194 | J13: 50 | K13: 762117 | M13: =IF(SUM(G13:I13)>0,SUM(G13:I13),"") -> 14729882 | N13: =IF(N(C13)+N(M13)>0,N(C13)+N(M13),"") -> 60617632 | O13: =IFERROR(IF(D13>0,C13/D13,""),"") -> 406086.28 | P13: =IFERROR(IF(J13>0,M13/J13,""),"") -> 294597.64 | Q13: =IFERROR(IF(E13>0,D13/E13,""),"")
A14: 45939 | B14: T5 | C14: 46210499 | D14: 122 | G14: 11618778 | H14: 4602012 | I14: 3268913 | J14: 73 | K14: 1119295 | M14: =IF(SUM(G14:I14)>0,SUM(G14:I14),"") -> 19489703 | N14: =IF(N(C14)+N(M14)>0,N(C14)+N(M14),"") -> 65700202 | O14: =IFERROR(IF(D14>0,C14/D14,""),"") -> 378774.58 | P14: =IFERROR(IF(J14>0,M14/J14,""),"") -> 266982.23 | Q14: =IFERROR(IF(E14>0,D14/E14,""),"")
A15: 45940 | B15: T6 | C15: 63115431 | D15: 151 | G15: 9994773 | H15: 6855007 | I15: 2338358 | J15: 86 | K15: 7349175 | M15: =IF(SUM(G15:I15)>0,SUM(G15:I15),"") -> 19188138 | N15: =IF(N(C15)+N(M15)>0,N(C15)+N(M15),"") -> 82303569 | O15: =IFERROR(IF(D15>0,C15/D15,""),"") -> 417982.99 | P15: =IFERROR(IF(J15>0,M15/J15,""),"") -> 223117.88 | Q15: =IFERROR(IF(E15>0,D15/E15,""),"")
A16: 45941 | B16: T7 | C16: 43361508 | D16: 95 | G16: 14862245 | H16: 8419609 | I16: 2925329 | J16: 103 | K16: 868800 | M16: =IF(SUM(G16:I16)>0,SUM(G16:I16),"") -> 26207183 | N16: =IF(N(C16)+N(M16)>0,N(C16)+N(M16),"") -> 69568691 | O16: =IFERROR(IF(D16>0,C16/D16,""),"") -> 456436.93 | P16: =IFERROR(IF(J16>0,M16/J16,""),"") -> 254438.67 | Q16: =IFERROR(IF(E16>0,D16/E16,""),"")
A17: 45942 | B17: CN | C17: 38404085 | D17: 98 | G17: 10787852 | H17: 8777029 | I17: 5361360 | J17: 90 | K17: 1007407 | M17: =IF(SUM(G17:I17)>0,SUM(G17:I17),"") -> 24926241 | N17: =IF(N(C17)+N(M17)>0,N(C17)+N(M17),"") -> 63330326 | O17: =IFERROR(IF(D17>0,C17/D17,""),"") -> 391878.42 | P17: =IFERROR(IF(J17>0,M17/J17,""),"") -> 276958.23 | Q17: =IFERROR(IF(E17>0,D17/E17,""),"")
A18: 45943 | B18: T2 | C18: 30501930 | D18: 78 | G18: 3761961 | H18: 2757010 | I18: 1915863 | J18: 41 | K18: 1012859 | M18: =IF(SUM(G18:I18)>0,SUM(G18:I18),"") -> 8434834 | N18: =IF(N(C18)+N(M18)>0,N(C18)+N(M18),"") -> 38936764 | O18: =IFERROR(IF(D18>0,C18/D18,""),"") -> 391050.38 | P18: =IFERROR(IF(J18>0,M18/J18,""),"") -> 205727.66 | Q18: =IFERROR(IF(E18>0,D18/E18,""),"")
A19: 45944 | B19: T3 | C19: 47037132 | D19: 123 | G19: 7133409 | H19: 2047008 | I19: 2730829 | J19: 41 | K19: 1820646 | M19: =IF(SUM(G19:I19)>0,SUM(G19:I19),"") -> 11911246 | N19: =IF(N(C19)+N(M19)>0,N(C19)+N(M19),"") -> 58948378 | O19: =IFERROR(IF(D19>0,C19/D19,""),"") -> 382415.71 | P19: =IFERROR(IF(J19>0,M19/J19,""),"") -> 290518.2 | Q19: =IFERROR(IF(E19>0,D19/E19,""),"")
A20: 45945 | B20: T4 | C20: 55649153 | D20: 135 | G20: 9567799 | H20: 6190018 | I20: 2432192 | J20: 61 | K20: 1064814 | M20: =IF(SUM(G20:I20)>0,SUM(G20:I20),"") -> 18190009 | N20: =IF(N(C20)+N(M20)>0,N(C20)+N(M20),"") -> 73839162 | O20: =IFERROR(IF(D20>0,C20/D20,""),"") -> 412215.95 | P20: =IFERROR(IF(J20>0,M20/J20,""),"") -> 298196.87 | Q20: =IFERROR(IF(E20>0,D20/E20,""),"")
A21: 45946 | B21: T5 | C21: 50156379 | D21: 129 | G21: 10855316 | H21: 7121017 | I21: 3567138 | J21: 76 | K21: 509259 | M21: =IF(SUM(G21:I21)>0,SUM(G21:I21),"") -> 21543471 | N21: =IF(N(C21)+N(M21)>0,N(C21)+N(M21),"") -> 71699850 | O21: =IFERROR(IF(D21>0,C21/D21,""),"") -> 388809.14 | P21: =IFERROR(IF(J21>0,M21/J21,""),"") -> 283466.72 | Q21: =IFERROR(IF(E21>0,D21/E21,""),"")
A22: 45947 | B22: T6 | C22: 39413081 | D22: 103 | G22: 5789883 | H22: 7305022 | I22: 5099994 | J22: 74 | K22: 2728304 | M22: =IF(SUM(G22:I22)>0,SUM(G22:I22),"") -> 18194899 | N22: =IF(N(C22)+N(M22)>0,N(C22)+N(M22),"") -> 57607980 | O22: =IFERROR(IF(D22>0,C22/D22,""),"") -> 382651.27 | P22: =IFERROR(IF(J22>0,M22/J22,""),"") -> 245877.01 | Q22: =IFERROR(IF(E22>0,D22/E22,""),"")
A23: 45948 | B23: T7 | C23: 46272506 | D23: 112 | G23: 13734819 | H23: 7032017 | I23: 3290837 | J23: 89 | M23: =IF(SUM(G23:I23)>0,SUM(G23:I23),"") -> 24057673 | N23: =IF(N(C23)+N(M23)>0,N(C23)+N(M23),"") -> 70330179 | O23: =IFERROR(IF(D23>0,C23/D23,""),"") -> 413147.38 | P23: =IFERROR(IF(J23>0,M23/J23,""),"") -> 270310.93 | Q23: =IFERROR(IF(E23>0,D23/E23,""),"")
A24: 45949 | B24: CN | C24: 34450984 | D24: 93 | G24: 5545576 | H24: 4479018 | I24: 4556150 | J24: 58 | K24: 324074 | M24: =IF(SUM(G24:I24)>0,SUM(G24:I24),"") -> 14580744 | N24: =IF(N(C24)+N(M24)>0,N(C24)+N(M24),"") -> 49031728 | O24: =IFERROR(IF(D24>0,C24/D24,""),"") -> 370440.69 | P24: =IFERROR(IF(J24>0,M24/J24,""),"") -> 251392.14 | Q24: =IFERROR(IF(E24>0,D24/E24,""),"")
A25: 45950 | B25: T2 | C25: 38832798 | D25: 93 | G25: 8825547 | H25: 1832002 | I25: 2457713 | J25: 45 | K25: 185185 | M25: =IF(SUM(G25:I25)>0,SUM(G25:I25),"") -> 13115262 | N25: =IF(N(C25)+N(M25)>0,N(C25)+N(M25),"") -> 51948060 | O25: =IFERROR(IF(D25>0,C25/D25,""),"") -> 417556.97 | P25: =IFERROR(IF(J25>0,M25/J25,""),"") -> 291450.27 | Q25: =IFERROR(IF(E25>0,D25/E25,""),"")
A26: 45951 | B26: T3 | C26: 44302785 | D26: 110 | G26: 12161723 | H26: 3232005 | I26: 2261693 | J26: 55 | M26: =IF(SUM(G26:I26)>0,SUM(G26:I26),"") -> 17655421 | N26: =IF(N(C26)+N(M26)>0,N(C26)+N(M26),"") -> 61958206 | O26: =IFERROR(IF(D26>0,C26/D26,""),"") -> 402752.59 | P26: =IFERROR(IF(J26>0,M26/J26,""),"") -> 321007.65 | Q26: =IFERROR(IF(E26>0,D26/E26,""),"")
A27: 45952 | B27: T4 | C27: 41505430 | D27: 96 | G27: 10594670 | H27: 6844015 | I27: 3053957 | J27: 65 | K27: 2720000 | M27: =IF(SUM(G27:I27)>0,SUM(G27:I27),"") -> 20492642 | N27: =IF(N(C27)+N(M27)>0,N(C27)+N(M27),"") -> 61998072 | O27: =IFERROR(IF(D27>0,C27/D27,""),"") -> 432348.23 | P27: =IFERROR(IF(J27>0,M27/J27,""),"") -> 315271.42 | Q27: =IFERROR(IF(E27>0,D27/E27,""),"")
A28: 45953 | B28: T5 | C28: 43735282 | D28: 106 | G28: 7914946 | H28: 4136019 | I28: 2622403 | J28: 49 | K28: 1957600 | M28: =IF(SUM(G28:I28)>0,SUM(G28:I28),"") -> 14673368 | N28: =IF(N(C28)+N(M28)>0,N(C28)+N(M28),"") -> 58408650 | O28: =IFERROR(IF(D28>0,C28/D28,""),"") -> 412597 | P28: =IFERROR(IF(J28>0,M28/J28,""),"") -> 299456.49 | Q28: =IFERROR(IF(E28>0,D28/E28,""),"")
A29: 45954 | B29: T6 | C29: 47394192 | D29: 121 | G29: 6988414 | H29: 9919051 | I29: 2122731 | J29: 62 | K29: 259259 | M29: =IF(SUM(G29:I29)>0,SUM(G29:I29),"") -> 19030196 | N29: =IF(N(C29)+N(M29)>0,N(C29)+N(M29),"") -> 66424388 | O29: =IFERROR(IF(D29>0,C29/D29,""),"") -> 391687.54 | P29: =IFERROR(IF(J29>0,M29/J29,""),"") -> 306938.65 | Q29: =IFERROR(IF(E29>0,D29/E29,""),"")
A30: 45955 | B30: T7 | C30: 39190083 | D30: 98 | G30: 9397319 | H30: 7912539 | I30: 3912415 | J30: 91 | K30: 5492877 | M30: =IF(SUM(G30:I30)>0,SUM(G30:I30),"") -> 21222273 | N30: =IF(N(C30)+N(M30)>0,N(C30)+N(M30),"") -> 60412356 | O30: =IFERROR(IF(D30>0,C30/D30,""),"") -> 399898.81 | P30: =IFERROR(IF(J30>0,M30/J30,""),"") -> 233211.79 | Q30: =IFERROR(IF(E30>0,D30/E30,""),"")
A31: 45956 | B31: CN | C31: 29838803 | D31: 80 | G31: 8534055 | H31: 5791518 | I31: 2989530 | J31: 64 | K31: 296296 | M31: =IF(SUM(G31:I31)>0,SUM(G31:I31),"") -> 17315103 | N31: =IF(N(C31)+N(M31)>0,N(C31)+N(M31),"") -> 47153906 | O31: =IFERROR(IF(D31>0,C31/D31,""),"") -> 372985.04 | P31: =IFERROR(IF(J31>0,M31/J31,""),"") -> 270548.48 | Q31: =IFERROR(IF(E31>0,D31/E31,""),"")
A32: 45957 | B32: T2 | C32: 42781227 | D32: 93 | G32: 7607171 | H32: 5336011 | I32: 2195092 | J32: 50 | K32: 1622172 | M32: =IF(SUM(G32:I32)>0,SUM(G32:I32),"") -> 15138274 | N32: =IF(N(C32)+N(M32)>0,N(C32)+N(M32),"") -> 57919501 | O32: =IFERROR(IF(D32>0,C32/D32,""),"") -> 460013.19 | P32: =IFERROR(IF(J32>0,M32/J32,""),"") -> 302765.48 | Q32: =IFERROR(IF(E32>0,D32/E32,""),"")
A33: 45958 | B33: T3 | C33: 42127035 | D33: 87 | G33: 8714382 | H33: 5786008 | I33: 1874195 | J33: 53 | K33: 4551019 | M33: =IF(SUM(G33:I33)>0,SUM(G33:I33),"") -> 16374585 | N33: =IF(N(C33)+N(M33)>0,N(C33)+N(M33),"") -> 58501620 | O33: =IFERROR(IF(D33>0,C33/D33,""),"") -> 484218.79 | P33: =IFERROR(IF(J33>0,M33/J33,""),"") -> 308954.43 | Q33: =IFERROR(IF(E33>0,D33/E33,""),"")
A34: 45959 | B34: T4 | C34: 55797480 | D34: 110 | G34: 10340391 | H34: 7818001 | I34: 2247429 | J34: 78 | K34: 15734022 | M34: =IF(SUM(G34:I34)>0,SUM(G34:I34),"") -> 20405821 | N34: =IF(N(C34)+N(M34)>0,N(C34)+N(M34),"") -> 76203301 | O34: =IFERROR(IF(D34>0,C34/D34,""),"") -> 507249.82 | P34: =IFERROR(IF(J34>0,M34/J34,""),"") -> 261613.09 | Q34: =IFERROR(IF(E34>0,D34/E34,""),"")
A35: 45960 | B35: T5 | C35: 52517367 | D35: 127 | G35: 11386488 | H35: 4258011 | I35: 2307008 | J35: 70 | K35: 2536000 | M35: =IF(SUM(G35:I35)>0,SUM(G35:I35),"") -> 17951507 | N35: =IF(N(C35)+N(M35)>0,N(C35)+N(M35),"") -> 70468874 | O35: =IFERROR(IF(D35>0,C35/D35,""),"") -> 413522.57 | P35: =IFERROR(IF(J35>0,M35/J35,""),"") -> 256450.1 | Q35: =IFERROR(IF(E35>0,D35/E35,""),"")
A36: 45961 | B36: T6 | C36: 35890098 | D36: 100 | G36: 7876186 | H36: 3915025 | I36: 4457534 | J36: 70 | K36: 1028572 | M36: =IF(SUM(G36:I36)>0,SUM(G36:I36),"") -> 16248745 | N36: =IF(N(C36)+N(M36)>0,N(C36)+N(M36),"") -> 52138843 | O36: =IFERROR(IF(D36>0,C36/D36,""),"") -> 358900.98 | P36: =IFERROR(IF(J36>0,M36/J36,""),"") -> 232124.93 | Q36: =IFERROR(IF(E36>0,D36/E36,""),"")

Sheet 📅 DAILY T11-25
A1: DAILY INPUT • THÁNG 11/2025 • CARASE FB & STORE
A2: 🟡 Ô VÀNG = Team điền mỗi ngày | 🟢 Ô XANH = Tự tính | Deadline 22:00
A3: 📅 THỜI GIAN | C3: 📱 FACEBOOK | E3: 📢 ADS | G3: 🏪 STORE | K3: 👓 O3 | L3: 📝 | M3: 📊 AUTO | O3: 📊 AUTO | Q3: 📊
A4: Ngày | B4: T | C4: DT FB (đ) | D4: Đơn FB | E4: CMT+IB (Vpage) | F4: CP Ads (đ) | G4: DT NDC (đ) | H4: DT PH (đ) | I4: DT NGT (đ) | J4: Đơn Store | K4: DT O3 (đ) | L4: Ghi chú | M4: DT Store (=G+H+I) | N4: DT Total (=FB+Store) | O4: AOV FB (C/D) | P4: AOV Store (M/J) | Q4: CR% (D/E)
A5: TARGET/THÁNG
A6: 45962 | B6: T7 | C6: 47479052 | D6: 116 | G6: 9657531 | H6: 5461954 | I6: 2094151 | J6: 71 | K6: 1028800 | M6: =IF(SUM(G6:I6)>0,SUM(G6:I6),"") -> 17213636 | N6: =IF(N(C6)+N(M6)>0,N(C6)+N(M6),"") -> 64692688 | O6: =IFERROR(IF(D6>0,C6/D6,""),"") -> 409302.17 | P6: =IFERROR(IF(J6>0,M6/J6,""),"") -> 242445.58 | Q6: =IFERROR(IF(E6>0,D6/E6,""),"")
A7: 45963 | B7: CN | C7: 44821039 | D7: 90 | G7: 9507674 | H7: 2917006 | I7: 4138514 | J7: 59 | K7: 7380800 | M7: =IF(SUM(G7:I7)>0,SUM(G7:I7),"") -> 16563194 | N7: =IF(N(C7)+N(M7)>0,N(C7)+N(M7),"") -> 61384233 | O7: =IFERROR(IF(D7>0,C7/D7,""),"") -> 498011.54 | P7: =IFERROR(IF(J7>0,M7/J7,""),"") -> 280732.1 | Q7: =IFERROR(IF(E7>0,D7/E7,""),"")
A8: 45964 | B8: T2 | C8: 37521052 | D8: 91 | G8: 4192924 | H8: 1253011 | I8: 1699970 | J8: 26 | K8: 1256000 | M8: =IF(SUM(G8:I8)>0,SUM(G8:I8),"") -> 7145905 | N8: =IF(N(C8)+N(M8)>0,N(C8)+N(M8),"") -> 44666957 | O8: =IFERROR(IF(D8>0,C8/D8,""),"") -> 412319.25 | P8: =IFERROR(IF(J8>0,M8/J8,""),"") -> 274842.5 | Q8: =IFERROR(IF(E8>0,D8/E8,""),"")
A9: 45965 | B9: T3 | C9: 50467342 | D9: 111 | G9: 10944333 | H9: 5103957 | I9: 3439002 | J9: 60 | K9: 2463411 | M9: =IF(SUM(G9:I9)>0,SUM(G9:I9),"") -> 19487292 | N9: =IF(N(C9)+N(M9)>0,N(C9)+N(M9),"") -> 69954634 | O9: =IFERROR(IF(D9>0,C9/D9,""),"") -> 454660.74 | P9: =IFERROR(IF(J9>0,M9/J9,""),"") -> 324788.2 | Q9: =IFERROR(IF(E9>0,D9/E9,""),"")
A10: 45966 | B10: T4 | C10: 49212582 | D10: 118 | G10: 9454879 | H10: 5255018 | I10: 2162967 | J10: 66 | K10: 944973 | M10: =IF(SUM(G10:I10)>0,SUM(G10:I10),"") -> 16872864 | N10: =IF(N(C10)+N(M10)>0,N(C10)+N(M10),"") -> 66085446 | O10: =IFERROR(IF(D10>0,C10/D10,""),"") -> 417055.78 | P10: =IFERROR(IF(J10>0,M10/J10,""),"") -> 255649.45 | Q10: =IFERROR(IF(E10>0,D10/E10,""),"")
A11: 45967 | B11: T5 | C11: 60027007 | D11: 126 | G11: 11104091 | H11: 9389119 | I11: 4991001 | J11: 90 | K11: 814815 | M11: =IF(SUM(G11:I11)>0,SUM(G11:I11),"") -> 25484211 | N11: =IF(N(C11)+N(M11)>0,N(C11)+N(M11),"") -> 85511218 | O11: =IFERROR(IF(D11>0,C11/D11,""),"") -> 476404.82 | P11: =IFERROR(IF(J11>0,M11/J11,""),"") -> 283157.9 | Q11: =IFERROR(IF(E11>0,D11/E11,""),"")
A12: 45968 | B12: T6 | C12: 58404733 | D12: 153 | G12: 6636002 | H12: 7247511 | I12: 3067400 | J12: 73 | K12: 1560355 | M12: =IF(SUM(G12:I12)>0,SUM(G12:I12),"") -> 16950913 | N12: =IF(N(C12)+N(M12)>0,N(C12)+N(M12),"") -> 75355646 | O12: =IFERROR(IF(D12>0,C12/D12,""),"") -> 381730.28 | P12: =IFERROR(IF(J12>0,M12/J12,""),"") -> 232204.29 | Q12: =IFERROR(IF(E12>0,D12/E12,""),"")
A13: 45969 | B13: T7 | C13: 49122507 | D13: 130 | G13: 10064479 | H13: 11675253 | I13: 3642643 | J13: 101 | K13: 985767 | M13: =IF(SUM(G13:I13)>0,SUM(G13:I13),"") -> 25382375 | N13: =IF(N(C13)+N(M13)>0,N(C13)+N(M13),"") -> 74504882 | O13: =IFERROR(IF(D13>0,C13/D13,""),"") -> 377865.44 | P13: =IFERROR(IF(J13>0,M13/J13,""),"") -> 251310.64 | Q13: =IFERROR(IF(E13>0,D13/E13,""),"")
A14: 45970 | B14: CN | C14: 33572771 | D14: 92 | G14: 8721076 | H14: 3423006 | I14: 2801231 | J14: 68 | K14: 1714972 | M14: =IF(SUM(G14:I14)>0,SUM(G14:I14),"") -> 14945313 | N14: =IF(N(C14)+N(M14)>0,N(C14)+N(M14),"") -> 48518084 | O14: =IFERROR(IF(D14>0,C14/D14,""),"") -> 364921.42 | P14: =IFERROR(IF(J14>0,M14/J14,""),"") -> 219784.01 | Q14: =IFERROR(IF(E14>0,D14/E14,""),"")
A15: 45971 | B15: T2 | C15: 46977598 | D15: 112 | G15: 6171972 | H15: 3156024 | I15: 4083355 | J15: 58 | K15: 185185 | M15: =IF(SUM(G15:I15)>0,SUM(G15:I15),"") -> 13411351 | N15: =IF(N(C15)+N(M15)>0,N(C15)+N(M15),"") -> 60388949 | O15: =IFERROR(IF(D15>0,C15/D15,""),"") -> 419442.84 | P15: =IFERROR(IF(J15>0,M15/J15,""),"") -> 231230.19 | Q15: =IFERROR(IF(E15>0,D15/E15,""),"")
A16: 45972 | B16: T3 | C16: 56799581 | D16: 132 | G16: 13151171 | H16: 8384742 | I16: 4054912 | J16: 68 | K16: 2635200 | M16: =IF(SUM(G16:I16)>0,SUM(G16:I16),"") -> 25590825 | N16: =IF(N(C16)+N(M16)>0,N(C16)+N(M16),"") -> 82390406 | O16: =IFERROR(IF(D16>0,C16/D16,""),"") -> 430299.86 | P16: =IFERROR(IF(J16>0,M16/J16,""),"") -> 376335.66 | Q16: =IFERROR(IF(E16>0,D16/E16,""),"")
A17: 45973 | B17: T4 | C17: 47954694 | D17: 102 | G17: 6815983 | H17: 5357012 | I17: 3774543 | J17: 60 | K17: 8266438 | M17: =IF(SUM(G17:I17)>0,SUM(G17:I17),"") -> 15947538 | N17: =IF(N(C17)+N(M17)>0,N(C17)+N(M17),"") -> 63902232 | O17: =IFERROR(IF(D17>0,C17/D17,""),"") -> 470144.06 | P17: =IFERROR(IF(J17>0,M17/J17,""),"") -> 265792.3 | Q17: =IFERROR(IF(E17>0,D17/E17,""),"")
... A26: 45982 | B26: T6 | C26: 49924577 | D26: 118 | G26: 11050962 | H26: 9479029 | I26: 3975110 | J26: 94 | K26: 2887619 | M26: =IF(SUM(G26:I26)>0,SUM(G26:I26),"") -> 24505101 | N26: =IF(N(C26)+N(M26)>0,N(C26)+N(M26),"") -> 74429678 | O26: =IFERROR(IF(D26>0,C26/D26,""),"") -> 423089.64 | P26: =IFERROR(IF(J26>0,M26/J26,""),"") -> 260692.56 | Q26: =IFERROR(IF(E26>0,D26/E26,""),"")
A27: 45983 | B27: T7 | C27: 34397955 | D27: 92 | G27: 11895164 | H27: 3951009 | I27: 4188385 | J27: 90 | M27: =IF(SUM(G27:I27)>0,SUM(G27:I27),"") -> 20034558 | N27: =IF(N(C27)+N(M27)>0,N(C27)+N(M27),"") -> 54432513 | O27: =IFERROR(IF(D27>0,C27/D27,""),"") -> 373890.82 | P27: =IFERROR(IF(J27>0,M27/J27,""),"") -> 222606.2 | Q27: =IFERROR(IF(E27>0,D27/E27,""),"")
A28: 45984 | B28: CN | C28: 34989519 | D28: 85 | G28: 14327436 | H28: 3550015 | I28: 4095413 | J28: 81 | K28: 629600 | M28: =IF(SUM(G28:I28)>0,SUM(G28:I28),"") -> 21972864 | N28: =IF(N(C28)+N(M28)>0,N(C28)+N(M28),"") -> 56962383 | O28: =IFERROR(IF(D28>0,C28/D28,""),"") -> 411641.4 | P28: =IFERROR(IF(J28>0,M28/J28,""),"") -> 271269.93 | Q28: =IFERROR(IF(E28>0,D28/E28,""),"")
A29: 45985 | B29: T2 | C29: 44241336 | D29: 88 | G29: 8497514 | H29: 4962016 | I29: 4671301 | J29: 61 | K29: 7711141 | M29: =IF(SUM(G29:I29)>0,SUM(G29:I29),"") -> 18130831 | N29: =IF(N(C29)+N(M29)>0,N(C29)+N(M29),"") -> 62372167 | O29: =IFERROR(IF(D29>0,C29/D29,""),"") -> 502742.45 | P29: =IFERROR(IF(J29>0,M29/J29,""),"") -> 297226.74 | Q29: =IFERROR(IF(E29>0,D29/E29,""),"")
A30: 45986 | B30: T3 | C30: 64843824 | D30: 137 | G30: 7114980 | H30: 4628024 | I30: 4863072 | J30: 67 | K30: 4251200 | M30: =IF(SUM(G30:I30)>0,SUM(G30:I30),"") -> 16606076 | N30: =IF(N(C30)+N(M30)>0,N(C30)+N(M30),"") -> 81449900 | O30: =IFERROR(IF(D30>0,C30/D30,""),"") -> 473312.58 | P30: =IFERROR(IF(J30>0,M30/J30,""),"") -> 247851.88 | Q30: =IFERROR(IF(E30>0,D30/E30,""),"")
A31: 45987 | B31: T4 | C31: 45696695 | D31: 119 | G31: 14793011 | H31: 7416341 | I31: 4042941 | J31: 85 | K31: 502400 | M31: =IF(SUM(G31:I31)>0,SUM(G31:I31),"") -> 26252293 | N31: =IF(N(C31)+N(M31)>0,N(C31)+N(M31),"") -> 71948988 | O31: =IFERROR(IF(D31>0,C31/D31,""),"") -> 384005.84 | P31: =IFERROR(IF(J31>0,M31/J31,""),"") -> 308850.51 | Q31: =IFERROR(IF(E31>0,D31/E31,""),"")
A32: 45988 | B32: T5 | C32: 60753329 | D32: 158 | G32: 17658520 | H32: 4878001 | I32: 4975380 | J32: 94 | K32: 1352874 | M32: =IF(SUM(G32:I32)>0,SUM(G32:I32),"") -> 27511901 | N32: =IF(N(C32)+N(M32)>0,N(C32)+N(M32),"") -> 88265230 | O32: =IFERROR(IF(D32>0,C32/D32,""),"") -> 384514.74 | P32: =IFERROR(IF(J32>0,M32/J32,""),"") -> 292679.8 | Q32: =IFERROR(IF(E32>0,D32/E32,""),"")
A33: 45989 | B33: T6 | C33: 62827222 | D33: 145 | G33: 17413291 | H33: 9434058 | I33: 7139249 | J33: 115 | K33: 6860979 | M33: =IF(SUM(G33:I33)>0,SUM(G33:I33),"") -> 33986598 | N33: =IF(N(C33)+N(M33)>0,N(C33)+N(M33),"") -> 96813820 | O33: =IFERROR(IF(D33>0,C33/D33,""),"") -> 433291.19 | P33: =IFERROR(IF(J33>0,M33/J33,""),"") -> 295535.63 | Q33: =IFERROR(IF(E33>0,D33/E33,""),"")
A34: 45990 | B34: T7 | C34: 56163940 | D34: 150 | G34: 12169877 | H34: 8166029 | I34: 5901888 | J34: 116 | K34: 2136281 | M34: =IF(SUM(G34:I34)>0,SUM(G34:I34),"") -> 26237794 | N34: =IF(N(C34)+N(M34)>0,N(C34)+N(M34),"") -> 82401734 | O34: =IFERROR(IF(D34>0,C34/D34,""),"") -> 374426.27 | P34: =IFERROR(IF(J34>0,M34/J34,""),"") -> 226187.88 | Q34: =IFERROR(IF(E34>0,D34/E34,""),"")
A35: 45991 | B35: CN | C35: 45037191 | D35: 113 | G35: 13629146 | H35: 4748004 | I35: 2738968 | J35: 78 | K35: 138889 | M35: =IF(SUM(G35:I35)>0,SUM(G35:I35),"") -> 21116118 | N35: =IF(N(C35)+N(M35)>0,N(C35)+N(M35),"") -> 66153309 | O35: =IFERROR(IF(D35>0,C35/D35,""),"") -> 398559.21 | P35: =IFERROR(IF(J35>0,M35/J35,""),"") -> 270719.46 | Q35: =IFERROR(IF(E35>0,D35/E35,""),"")

Sheet 📅 DAILY T12-25
A1: DAILY INPUT • THÁNG 12/2025 • CARASE FB & STORE
A2: 🟡 Ô VÀNG = Team điền mỗi ngày | 🟢 Ô XANH = Tự tính | Deadline 22:00
A3: 📅 THỜI GIAN | C3: 📱 FACEBOOK | E3: 📢 ADS | G3: 🏪 STORE | K3: 👓 O3 | L3: 📝 | M3: 📊 AUTO | O3: 📊 AUTO | Q3: 📊
A4: Ngày | B4: T | C4: DT FB (đ) | D4: Đơn FB | E4: CMT+IB (Vpage) | F4: CP Ads (đ) | G4: DT NDC (đ) | H4: DT PH (đ) | I4: DT NGT (đ) | J4: Đơn Store | K4: DT O3 (đ) | L4: Ghi chú | M4: DT Store (=G+H+I) | N4: DT Total (=FB+Store) | O4: AOV FB (C/D) | P4: AOV Store (M/J) | Q4: CR% (D/E)
A5: TARGET/THÁNG
A6: 45992 | B6: T2 | C6: 45020711 | D6: 86 | G6: 6040002 | H6: 2779005 | I6: 1577438 | J6: 42 | K6: 10475495 | M6: =IF(SUM(G6:I6)>0,SUM(G6:I6),"") -> 10396445 | N6: =IF(N(C6)+N(M6)>0,N(C6)+N(M6),"") -> 55417156 | O6: =IFERROR(IF(D6>0,C6/D6,""),"") -> 523496.64 | P6: =IFERROR(IF(J6>0,M6/J6,""),"") -> 247534.4 | Q6: =IFERROR(IF(E6>0,D6/E6,""),"")
A7: 45993 | B7: T3 | C7: 53475125 | D7: 121 | G7: 11543936 | H7: 2448018 | I7: 2999915 | J7: 54 | K7: 3200000 | M7: =IF(SUM(G7:I7)>0,SUM(G7:I7),"") -> 16991869 | N7: =IF(N(C7)+N(M7)>0,N(C7)+N(M7),"") -> 70466994 | O7: =IFERROR(IF(D7>0,C7/D7,""),"") -> 441943.18 | P7: =IFERROR(IF(J7>0,M7/J7,""),"") -> 314664.24 | Q7: =IFERROR(IF(E7>0,D7/E7,""),"")
A8: 45994 | B8: T4 | C8: 52732636 | D8: 117 | G8: 7441507 | H8: 4226023 | I8: 4348011 | J8: 61 | K8: 2171200 | M8: =IF(SUM(G8:I8)>0,SUM(G8:I8),"") -> 16015541 | N8: =IF(N(C8)+N(M8)>0,N(C8)+N(M8),"") -> 68748177 | O8: =IFERROR(IF(D8>0,C8/D8,""),"") -> 450706.29 | P8: =IFERROR(IF(J8>0,M8/J8,""),"") -> 262549.85 | Q8: =IFERROR(IF(E8>0,D8/E8,""),"")
A9: 45995 | B9: T5 | C9: 44254621 | D9: 98 | G9: 14201097 | H9: 5686012 | I9: 3045926 | J9: 91 | K9: 551037 | M9: =IF(SUM(G9:I9)>0,SUM(G9:I9),"") -> 22933035 | N9: =IF(N(C9)+N(M9)>0,N(C9)+N(M9),"") -> 67187656 | O9: =IFERROR(IF(D9>0,C9/D9,""),"") -> 451577.77 | P9: =IFERROR(IF(J9>0,M9/J9,""),"") -> 252011.37 | Q9: =IFERROR(IF(E9>0,D9/E9,""),"")
A10: 45996 | B10: T6 | C10: 48002681 | D10: 116 | G10: 13714286 | H10: 7682027 | I10: 4757941 | J10: 99 | K10: 4274972 | M10: =IF(SUM(G10:I10)>0,SUM(G10:I10),"") -> 26154254 | N10: =IF(N(C10)+N(M10)>0,N(C10)+N(M10),"") -> 74156935 | O10: =IFERROR(IF(D10>0,C10/D10,""),"") -> 413816.22 | P10: =IFERROR(IF(J10>0,M10/J10,""),"") -> 264184.38 | Q10: =IFERROR(IF(E10>0,D10/E10,""),"")
A11: 45997 | B11: T7 | C11: 38647128 | D11: 95 | G11: 14455707 | H11: 11348542 | I11: 8723830 | J11: 136 | K11: 1857600 | M11: =IF(SUM(G11:I11)>0,SUM(G11:I11),"") -> 34528079 | N11: =IF(N(C11)+N(M11)>0,N(C11)+N(M11),"") -> 73175207 | O11: =IFERROR(IF(D11>0,C11/D11,""),"") -> 406811.87 | P11: =IFERROR(IF(J11>0,M11/J11,""),"") -> 253882.93 | Q11: =IFERROR(IF(E11>0,D11/E11,""),"")
A12: 45998 | B12: CN | C12: 41728875 | D12: 112 | G12: 14353575 | H12: 6256016 | I12: 3840130 | J12: 86 | K12: 1244340 | M12: =IF(SUM(G12:I12)>0,SUM(G12:I12),"") -> 24449721 | N12: =IF(N(C12)+N(M12)>0,N(C12)+N(M12),"") -> 66178596 | O12: =IFERROR(IF(D12>0,C12/D12,""),"") -> 372579.24 | P12: =IFERROR(IF(J12>0,M12/J12,""),"") -> 284299.08 | Q12: =IFERROR(IF(E12>0,D12/E12,""),"")
A13: 45999 | B13: T2 | C13: 33332635 | D13: 70 | G13: 10259014 | H13: 6904555 | I13: 1594281 | J13: 55 | K13: 7472458 | M13: =IF(SUM(G13:I13)>0,SUM(G13:I13),"") -> 18757850 | N13: =IF(N(C13)+N(M13)>0,N(C13)+N(M13),"") -> 52090485 | O13: =IFERROR(IF(D13>0,C13/D13,""),"") -> 476180.5 | P13: =IFERROR(IF(J13>0,M13/J13,""),"") -> 341051.82 | Q13: =IFERROR(IF(E13>0,D13/E13,""),"")
A14: 46000 | B14: T3 | C14: 56618375 | D14: 116 | G14: 17487196 | H14: 4983015 | I14: 2586169 | J14: 85 | K14: 686400 | M14: =IF(SUM(G14:I14)>0,SUM(G14:I14),"") -> 25056380 | N14: =IF(N(C14)+N(M14)>0,N(C14)+N(M14),"") -> 81674755 | O14: =IFERROR(IF(D14>0,C14/D14,""),"") -> 488089.44 | P14: =IFERROR(IF(J14>0,M14/J14,""),"") -> 294780.94 | Q14: =IFERROR(IF(E14>0,D14/E14,""),"")
A15: 46001 | B15: T4 | C15: 47094926 | D15: 113 | G15: 11865091 | H15: 9099536 | I15: 4065185 | J15: 79 | K15: 555559 | M15: =IF(SUM(G15:I15)>0,SUM(G15:I15),"") -> 25029812 | N15: =IF(N(C15)+N(M15)>0,N(C15)+N(M15),"") -> 72124738 | O15: =IFERROR(IF(D15>0,C15/D15,""),"") -> 416769.26 | P15: =IFERROR(IF(J15>0,M15/J15,""),"") -> 316833.06 | Q15: =IFERROR(IF(E15>0,D15/E15,""),"")
A16: 46002 | B16: T5 | C16: 51119403 | D16: 116 | G16: 15286488 | H16: 6212016 | I16: 5758149 | J16: 95 | K16: 3017039 | M16: =IF(SUM(G16:I16)>0,SUM(G16:I16),"") -> 27256653 | N16: =IF(N(C16)+N(M16)>0,N(C16)+N(M16),"") -> 78376056 | O16: =IFERROR(IF(D16>0,C16/D16,""),"") -> 440684.51 | P16: =IFERROR(IF(J16>0,M16/J16,""),"") -> 286912.14 | Q16: =IFERROR(IF(E16>0,D16/E16,""),"")
A17: 46003 | B17: T6 | C17: 53829137 | D17: 143 | G17: 14987854 | H17: 6453357 | I17: 5763081 | J17: 93 | K17: 1301096 | M17: =IF(SUM(G17:I17)>0,SUM(G17:I17),"") -> 27204292 | N17: =IF(N(C17)+N(M17)>0,N(C17)+N(M17),"") -> 81033429 | O17: =IFERROR(IF(D17>0,C17/D17,""),"") -> 376427.53 | P17: =IFERROR(IF(J17>0,M17/J17,""),"") -> 292519.27 | Q17: =IFERROR(IF(E17>0,D17/E17,""),"")
... A22: 46008 | B22: T4 | C22: 49659065 | D22: 115 | G22: 12595240 | H22: 3931000 | I22: 4572643 | J22: 70 | K22: 3200000 | M22: =IF(SUM(G22:I22)>0,SUM(G22:I22),"") -> 21098883 | N22: =IF(N(C22)+N(M22)>0,N(C22)+N(M22),"") -> 70757948 | O22: =IFERROR(IF(D22>0,C22/D22,""),"") -> 431817.96 | P22: =IFERROR(IF(J22>0,M22/J22,""),"") -> 301412.61 | Q22: =IFERROR(IF(E22>0,D22/E22,""),"")
A23: 46009 | B23: T5 | C23: 62449331 | D23: 151 | G23: 15186983 | H23: 7781005 | I23: 6529673 | J23: 94 | M23: =IF(SUM(G23:I23)>0,SUM(G23:I23),"") -> 29497661 | N23: =IF(N(C23)+N(M23)>0,N(C23)+N(M23),"") -> 91946992 | O23: =IFERROR(IF(D23>0,C23/D23,""),"") -> 413571.73 | P23: =IFERROR(IF(J23>0,M23/J23,""),"") -> 313804.9 | Q23: =IFERROR(IF(E23>0,D23/E23,""),"")
A24: 46010 | B24: T6 | C24: 48714273 | D24: 111 | G24: 14376995 | H24: 9782005 | I24: 8101719 | J24: 97 | K24: 1796172 | M24: =IF(SUM(G24:I24)>0,SUM(G24:I24),"") -> 32260719 | N24: =IF(N(C24)+N(M24)>0,N(C24)+N(M24),"") -> 80974992 | O24: =IFERROR(IF(D24>0,C24/D24,""),"") -> 438867.32 | P24: =IFERROR(IF(J24>0,M24/J24,""),"") -> 332584.73 | Q24: =IFERROR(IF(E24>0,D24/E24,""),"")
A25: 46011 | B25: T7 | C25: 50795744 | D25: 135 | G25: 17759999 | H25: 7124988 | I25: 9636220 | J25: 118 | K25: 375000 | M25: =IF(SUM(G25:I25)>0,SUM(G25:I25),"") -> 34521207 | N25: =IF(N(C25)+N(M25)>0,N(C25)+N(M25),"") -> 85316951 | O25: =IFERROR(IF(D25>0,C25/D25,""),"") -> 376264.77 | P25: =IFERROR(IF(J25>0,M25/J25,""),"") -> 292552.6 | Q25: =IFERROR(IF(E25>0,D25/E25,""),"")
A26: 46012 | B26: CN | C26: 55920248 | D26: 134 | G26: 17424989 | H26: 7755989 | I26: 7071219 | J26: 97 | K26: 518518 | M26: =IF(SUM(G26:I26)>0,SUM(G26:I26),"") -> 32252197 | N26: =IF(N(C26)+N(M26)>0,N(C26)+N(M26),"") -> 88172445 | O26: =IFERROR(IF(D26>0,C26/D26,""),"") -> 417315.28 | P26: =IFERROR(IF(J26>0,M26/J26,""),"") -> 332496.88 | Q26: =IFERROR(IF(E26>0,D26/E26,""),"")
A27: 46013 | B27: T2 | C27: 46980276 | D27: 106 | G27: 6457997 | H27: 2384448 | I27: 1667650 | J27: 42 | K27: 1142400 | M27: =IF(SUM(G27:I27)>0,SUM(G27:I27),"") -> 10510095 | N27: =IF(N(C27)+N(M27)>0,N(C27)+N(M27),"") -> 57490371 | O27: =IFERROR(IF(D27>0,C27/D27,""),"") -> 443210.15 | P27: =IFERROR(IF(J27>0,M27/J27,""),"") -> 250240.36 | Q27: =IFERROR(IF(E27>0,D27/E27,""),"")
A28: 46014 | B28: T3 | C28: 51451657 | D28: 111 | G28: 15652224 | H28: 6664999 | I28: 6391994 | J28: 85 | K28: 2635430 | M28: =IF(SUM(G28:I28)>0,SUM(G28:I28),"") -> 28709217 | N28: =IF(N(C28)+N(M28)>0,N(C28)+N(M28),"") -> 80160874 | O28: =IFERROR(IF(D28>0,C28/D28,""),"") -> 463528.44 | P28: =IFERROR(IF(J28>0,M28/J28,""),"") -> 337755.49 | Q28: =IFERROR(IF(E28>0,D28/E28,""),"")
A29: 46015 | B29: T4 | C29: 53098053 | D29: 112 | G29: 9858995 | H29: 8762998 | I29: 5304037 | J29: 89 | K29: 753600 | M29: =IF(SUM(G29:I29)>0,SUM(G29:I29),"") -> 23926030 | N29: =IF(N(C29)+N(M29)>0,N(C29)+N(M29),"") -> 77024083 | O29: =IFERROR(IF(D29>0,C29/D29,""),"") -> 474089.76 | P29: =IFERROR(IF(J29>0,M29/J29,""),"") -> 268831.8 | Q29: =IFERROR(IF(E29>0,D29/E29,""),"")
A30: 46016 | B30: T5 | C30: 61644741 | D30: 137 | G30: 15208062 | H30: 6618000 | I30: 6348998 | J30: 82 | K30: 259259 | M30: =IF(SUM(G30:I30)>0,SUM(G30:I30),"") -> 28175060 | N30: =IF(N(C30)+N(M30)>0,N(C30)+N(M30),"") -> 89819801 | O30: =IFERROR(IF(D30>0,C30/D30,""),"") -> 449961.61 | P30: =IFERROR(IF(J30>0,M30/J30,""),"") -> 343598.29 | Q30: =IFERROR(IF(E30>0,D30/E30,""),"")
A31: 46017 | B31: T6 | C31: 61877513 | D31: 143 | G31: 20741501 | H31: 11478834 | I31: 11817995 | J31: 146 | K31: 1820000 | M31: =IF(SUM(G31:I31)>0,SUM(G31:I31),"") -> 44038330 | N31: =IF(N(C31)+N(M31)>0,N(C31)+N(M31),"") -> 105915843 | O31: =IFERROR(IF(D31>0,C31/D31,""),"") -> 432709.88 | P31: =IFERROR(IF(J31>0,M31/J31,""),"") -> 301632.4 | Q31: =IFERROR(IF(E31>0,D31/E31,""),"")
A32: 46018 | B32: T7 | C32: 48321039 | D32: 116 | G32: 16132991 | H32: 7724502 | I32: 9496996 | J32: 110 | K32: 1004800 | M32: =IF(SUM(G32:I32)>0,SUM(G32:I32),"") -> 33354489 | N32: =IF(N(C32)+N(M32)>0,N(C32)+N(M32),"") -> 81675528 | O32: =IFERROR(IF(D32>0,C32/D32,""),"") -> 416560.68 | P32: =IFERROR(IF(J32>0,M32/J32,""),"") -> 303222.63 | Q32: =IFERROR(IF(E32>0,D32/E32,""),"")
A33: 46019 | B33: CN | C33: 30080503 | D33: 71 | G33: 17184990 | H33: 8477983 | I33: 4265997 | J33: 91 | K33: 259259 | M33: =IF(SUM(G33:I33)>0,SUM(G33:I33),"") -> 29928970 | N33: =IF(N(C33)+N(M33)>0,N(C33)+N(M33),"") -> 60009473 | O33: =IFERROR(IF(D33>0,C33/D33,""),"") -> 423669.06 | P33: =IFERROR(IF(J33>0,M33/J33,""),"") -> 328889.78 | Q33: =IFERROR(IF(E33>0,D33/E33,""),"")
A34: 46020 | B34: T2 | C34: 57282818 | D34: 123 | G34: 10157468 | H34: 5945498 | I34: 4318996 | J34: 63 | K34: 3897660 | M34: =IF(SUM(G34:I34)>0,SUM(G34:I34),"") -> 20421962 | N34: =IF(N(C34)+N(M34)>0,N(C34)+N(M34),"") -> 77704780 | O34: =IFERROR(IF(D34>0,C34/D34,""),"") -> 465713.97 | P34: =IFERROR(IF(J34>0,M34/J34,""),"") -> 324158.13 | Q34: =IFERROR(IF(E34>0,D34/E34,""),"")
A35: 46021 | B35: T3 | C35: 49456025 | D35: 110 | G35: 17250994 | H35: 7305002 | I35: 3205002 | J35: 88 | K35: 502400 | M35: =IF(SUM(G35:I35)>0,SUM(G35:I35),"") -> 27760998 | N35: =IF(N(C35)+N(M35)>0,N(C35)+N(M35),"") -> 77217023 | O35: =IFERROR(IF(D35>0,C35/D35,""),"") -> 449600.23 | P35: =IFERROR(IF(J35>0,M35/J35,""),"") -> 315465.89 | Q35: =IFERROR(IF(E35>0,D35/E35,""),"")
A36: 46022 | B36: T4 | C36: 67110157 | D36: 142 | G36: 13131500 | H36: 8548971 | I36: 4323552 | J36: 103 | K36: 2216117 | M36: =IF(SUM(G36:I36)>0,SUM(G36:I36),"") -> 26004023 | N36: =IF(N(C36)+N(M36)>0,N(C36)+N(M36),"") -> 93114180 | O36: =IFERROR(IF(D36>0,C36/D36,""),"") -> 472606.74 | P36: =IFERROR(IF(J36>0,M36/J36,""),"") -> 252466.24 | Q36: =IFERROR(IF(E36>0,D36/E36,""),"")

Sheet 📅 DAILY T1-26
A1: DAILY INPUT • THÁNG 1/2026 • CARASE FB & STORE
A2: 🟡 Ô VÀNG = Team điền mỗi ngày | 🟢 Ô XANH = Tự tính | Deadline 22:00
A3: 📅 THỜI GIAN | C3: 📱 FACEBOOK | E3: 📢 ADS | G3: 🏪 STORE | K3: 👓 O3 | L3: 📝 | M3: 📊 AUTO | O3: 📊 AUTO | Q3: 📊
A4: Ngày | B4: T | C4: DT FB (đ) | D4: Đơn FB | E4: CMT+IB (Vpage) | F4: CP Ads (đ) | G4: DT NDC (đ) | H4: DT PH (đ) | I4: DT NGT (đ) | J4: Đơn Store | K4: DT O3 (đ) | L4: Ghi chú | M4: DT Store (=G+H+I) | N4: DT Total (=FB+Store) | O4: AOV FB (C/D) | P4: AOV Store (M/J) | Q4: CR% (D/E)
A5: TARGET/THÁNG
A6: 46023 | B6: T5 | C6: 25001742 | D6: 56 | G6: 10564994 | H6: 5039000 | J6: 52 | K6: 1828800 | M6: =IF(SUM(G6:I6)>0,SUM(G6:I6),"") -> 15603994 | N6: =IF(N(C6)+N(M6)>0,N(C6)+N(M6),"") -> 40605736 | O6: =IFERROR(IF(D6>0,C6/D6,""),"") -> 446459.68 | P6: =IFERROR(IF(J6>0,M6/J6,""),"") -> 300076.81 | Q6: =IFERROR(IF(E6>0,D6/E6,""),"")
A7: 46024 | B7: T6 | C7: 50184036 | D7: 114 | G7: 15593002 | H7: 3400001 | I7: 3953000 | J7: 67 | K7: 1303222 | M7: =IF(SUM(G7:I7)>0,SUM(G7:I7),"") -> 22946003 | N7: =IF(N(C7)+N(M7)>0,N(C7)+N(M7),"") -> 73130039 | O7: =IFERROR(IF(D7>0,C7/D7,""),"") -> 440210.84 | P7: =IFERROR(IF(J7>0,M7/J7,""),"") -> 342477.66 | Q7: =IFERROR(IF(E7>0,D7/E7,""),"")
A8: 46025 | B8: T7 | C8: 47734539 | D8: 99 | G8: 19596996 | H8: 7069997 | I8: 6322501 | J8: 104 | K8: 753600 | M8: =IF(SUM(G8:I8)>0,SUM(G8:I8),"") -> 32989494 | N8: =IF(N(C8)+N(M8)>0,N(C8)+N(M8),"") -> 80724033 | O8: =IFERROR(IF(D8>0,C8/D8,""),"") -> 482167.06 | P8: =IFERROR(IF(J8>0,M8/J8,""),"") -> 317206.67 | Q8: =IFERROR(IF(E8>0,D8/E8,""),"")
A9: 46026 | B9: CN | C9: 34958008 | D9: 86 | G9: 16407993 | H9: 6483002 | I9: 5469504 | J9: 81 | M9: =IF(SUM(G9:I9)>0,SUM(G9:I9),"") -> 28360499 | N9: =IF(N(C9)+N(M9)>0,N(C9)+N(M9),"") -> 63318507 | O9: =IFERROR(IF(D9>0,C9/D9,""),"") -> 406488.47 | P9: =IFERROR(IF(J9>0,M9/J9,""),"") -> 350129.62 | Q9: =IFERROR(IF(E9>0,D9/E9,""),"")
A10: 46027 | B10: T2 | C10: 54065334 | D10: 95 | G10: 11335501 | H10: 1326000 | I10: 3826014 | J10: 54 | K10: 8653394 | M10: =IF(SUM(G10:I10)>0,SUM(G10:I10),"") -> 16487515 | N10: =IF(N(C10)+N(M10)>0,N(C10)+N(M10),"") -> 70552849 | O10: =IFERROR(IF(D10>0,C10/D10,""),"") -> 569108.78 | P10: =IFERROR(IF(J10>0,M10/J10,""),"") -> 305324.35 | Q10: =IFERROR(IF(E10>0,D10/E10,""),"")
A11: 46028 | B11: T3 | C11: 52726296 | D11: 129 | G11: 4490007 | H11: 4503001 | I11: 4728001 | J11: 46 | M11: =IF(SUM(G11:I11)>0,SUM(G11:I11),"") -> 13721009 | N11: =IF(N(C11)+N(M11)>0,N(C11)+N(M11),"") -> 66447305 | O11: =IFERROR(IF(D11>0,C11/D11,""),"") -> 408730.98 | P11: =IFERROR(IF(J11>0,M11/J11,""),"") -> 298282.8 | Q11: =IFERROR(IF(E11>0,D11/E11,""),"")
A12: 46029 | B12: T4 | C12: 75409220 | D12: 139 | G12: 13687498 | H12: 6330998 | I12: 6358013 | J12: 86 | K12: 2057600 | M12: =IF(SUM(G12:I12)>0,SUM(G12:I12),"") -> 26376509 | N12: =IF(N(C12)+N(M12)>0,N(C12)+N(M12),"") -> 101785729 | O12: =IFERROR(IF(D12>0,C12/D12,""),"") -> 542512.37 | P12: =IFERROR(IF(J12>0,M12/J12,""),"") -> 306703.59 | Q12: =IFERROR(IF(E12>0,D12/E12,""),"")
A13: 46030 | B13: T5 | C13: 49039315 | D13: 110 | G13: 17827537 | H13: 4471999 | I13: 5427006 | J13: 78 | K13: 1828800 | M13: =IF(SUM(G13:I13)>0,SUM(G13:I13),"") -> 27726542 | N13: =IF(N(C13)+N(M13)>0,N(C13)+N(M13),"") -> 76765857 | O13: =IFERROR(IF(D13>0,C13/D13,""),"") -> 445811.95 | P13: =IFERROR(IF(J13>0,M13/J13,""),"") -> 355468.49 | Q13: =IFERROR(IF(E13>0,D13/E13,""),"")
A14: 46031 | B14: T6 | C14: 45292794 | D14: 102 | G14: 9798504 | H14: 7388998 | I14: 9328997 | J14: 84 | M14: =IF(SUM(G14:I14)>0,SUM(G14:I14),"") -> 26516499 | N14: =IF(N(C14)+N(M14)>0,N(C14)+N(M14),"") -> 71809293 | O14: =IFERROR(IF(D14>0,C14/D14,""),"") -> 444047 | P14: =IFERROR(IF(J14>0,M14/J14,""),"") -> 315672.61 | Q14: =IFERROR(IF(E14>0,D14/E14,""),"")
A15: 46032 | B15: T7 | C15: 54739558 | D15: 117 | G15: 16620492 | H15: 4627999 | I15: 7272623 | J15: 115 | K15: 1782400 | M15: =IF(SUM(G15:I15)>0,SUM(G15:I15),"") -> 28521114 | N15: =IF(N(C15)+N(M15)>0,N(C15)+N(M15),"") -> 83260672 | O15: =IFERROR(IF(D15>0,C15/D15,""),"") -> 467859.47 | P15: =IFERROR(IF(J15>0,M15/J15,""),"") -> 248009.69 | Q15: =IFERROR(IF(E15>0,D15/E15,""),"")
A16: 46033 | B16: CN | C16: 60573074 | D16: 146 | G16: 19239069 | H16: 8141001 | I16: 5033998 | J16: 98 | K16: 1142400 | M16: =IF(SUM(G16:I16)>0,SUM(G16:I16),"") -> 32414068 | N16: =IF(N(C16)+N(M16)>0,N(C16)+N(M16),"") -> 92987142 | O16: =IFERROR(IF(D16>0,C16/D16,""),"") -> 414884.07 | P16: =IFERROR(IF(J16>0,M16/J16,""),"") -> 330755.8 | Q16: =IFERROR(IF(E16>0,D16/E16,""),"")
A17: 46034 | B17: T2 | C17: 48543821 | D17: 109 | G17: 17595993 | H17: 5776497 | I17: 4447999 | J17: 78 | K17: 4232770 | M17: =IF(SUM(G17:I17)>0,SUM(G17:I17),"") -> 27820489 | N17: =IF(N(C17)+N(M17)>0,N(C17)+N(M17),"") -> 76364310 | O17: =IFERROR(IF(D17>0,C17/D17,""),"") -> 445356.16 | P17: =IFERROR(IF(J17>0,M17/J17,""),"") -> 356672.94 | Q17: =IFERROR(IF(E17>0,D17/E17,""),"")
A18: 46035 | B18: T3 | C18: 47964470 | D18: 108 | G18: 17710487 | H18: 5746503 | I18: 4661001 | J18: 77 | K18: 1715200 | M18: =IF(SUM(G18:I18)>0,SUM(G18:I18),"") -> 28117991 | N18: =IF(N(C18)+N(M18)>0,N(C18)+N(M18),"") -> 76082461 | O18: =IFERROR(IF(D18>0,C18/D18,""),"") -> 444115.46 | P18: =IFERROR(IF(J18>0,M18/J18,""),"") -> 365168.71 | Q18: =IFERROR(IF(E18>0,D18/E18,""),"")
A19: 46036 | B19: T4 | C19: 49314490 | D19: 111 | G19: 15481501 | H19: 2766497 | I19: 4550999 | J19: 81 | K19: 3154972 | M19: =IF(SUM(G19:I19)>0,SUM(G19:I19),"") -> 22798997 | N19: =IF(N(C19)+N(M19)>0,N(C19)+N(M19),"") -> 72113487 | O19: =IFERROR(IF(D19>0,C19/D19,""),"") -> 444274.68 | P19: =IFERROR(IF(J19>0,M19/J19,""),"") -> 281469.1 | Q19: =IFERROR(IF(E19>0,D19/E19,""),"")
A20: 46037 | B20: T5 | C20: 77788100 | D20: 168 | G20: 20064490 | H20: 7455996 | I20: 10940996 | J20: 128 | K20: 753600 | M20: =IF(SUM(G20:I20)>0,SUM(G20:I20),"") -> 38461482 | N20: =IF(N(C20)+N(M20)>0,N(C20)+N(M20),"") -> 116249582 | O20: =IFERROR(IF(D20>0,C20/D20,""),"") -> 463024.4 | P20: =IFERROR(IF(J20>0,M20/J20,""),"") -> 300480.33 | Q20: =IFERROR(IF(E20>0,D20/E20,""),"")
A21: 46038 | B21: T6 | C21: 66066774 | D21: 154 | G21: 17309484 | H21: 9800498 | I21: 8168996 | J21: 120 | K21: 1028800 | M21: =IF(SUM(G21:I21)>0,SUM(G21:I21),"") -> 35278978 | N21: =IF(N(C21)+N(M21)>0,N(C21)+N(M21),"") -> 101345752 | O21: =IFERROR(IF(D21>0,C21/D21,""),"") -> 429005.03 | P21: =IFERROR(IF(J21>0,M21/J21,""),"") -> 293991.48 | Q21: =IFERROR(IF(E21>0,D21/E21,""),"")
A22: 46039 | B22: T7 | C22: 49459538 | D22: 124 | G22: 19573497 | H22: 8697998 | I22: 5921493 | J22: 113 | K22: 400000 | M22: =IF(SUM(G22:I22)>0,SUM(G22:I22),"") -> 34192988 | N22: =IF(N(C22)+N(M22)>0,N(C22)+N(M22),"") -> 83652526 | O22: =IFERROR(IF(D22>0,C22/D22,""),"") -> 398867.24 | P22: =IFERROR(IF(J22>0,M22/J22,""),"") -> 302592.81 | Q22: =IFERROR(IF(E22>0,D22/E22,""),"")
A23: 46040 | B23: CN | C23: 57089954 | D23: 112 | G23: 17406484 | H23: 8202505 | I23: 8121003 | J23: 113 | M23: =IF(SUM(G23:I23)>0,SUM(G23:I23),"") -> 33729992 | N23: =IF(N(C23)+N(M23)>0,N(C23)+N(M23),"") -> 90819946 | O23: =IFERROR(IF(D23>0,C23/D23,""),"") -> 509731.73 | P23: =IFERROR(IF(J23>0,M23/J23,""),"") -> 298495.5 | Q23: =IFERROR(IF(E23>0,D23/E23,""),"")
A24: 46041 | B24: T2 | C24: 52831252 | D24: 107 | G24: 10261439 | H24: 7542495 | I24: 4967997 | J24: 70 | K24: 2194972 | M24: =IF(SUM(G24:I24)>0,SUM(G24:I24),"") -> 22771931 | N24: =IF(N(C24)+N(M24)>0,N(C24)+N(M24),"") -> 75603183 | O24: =IFERROR(IF(D24>0,C24/D24,""),"") -> 493750.02 | P24: =IFERROR(IF(J24>0,M24/J24,""),"") -> 325313.3 | Q24: =IFERROR(IF(E24>0,D24/E24,""),"")
A25: 46042 | B25: T3 | C25: 61927143 | D25: 142 | G25: 14840482 | H25: 10920971 | I25: 5798499 | J25: 101 | K25: 1141882 | M25: =IF(SUM(G25:I25)>0,SUM(G25:I25),"") -> 31559952 | N25: =IF(N(C25)+N(M25)>0,N(C25)+N(M25),"") -> 93487095 | O25: =IFERROR(IF(D25>0,C25/D25,""),"") -> 436106.64 | P25: =IFERROR(IF(J25>0,M25/J25,""),"") -> 312474.77 | Q25: =IFERROR(IF(E25>0,D25/E25,""),"")
A26: 46043 | B26: T4 | C26: 67413416 | D26: 139 | G26: 18660986 | H26: 6880999 | I26: 6216994 | J26: 91 | K26: 3930983 | M26: =IF(SUM(G26:I26)>0,SUM(G26:I26),"") -> 31758979 | N26: =IF(N(C26)+N(M26)>0,N(C26)+N(M26),"") -> 99172395 | O26: =IFERROR(IF(D26>0,C26/D26,""),"") -> 484988.6 | P26: =IFERROR(IF(J26>0,M26/J26,""),"") -> 348999.77 | Q26: =IFERROR(IF(E26>0,D26/E26,""),"")
A27: 46044 | B27: T5 | C27: 64832034 | D27: 141 | G27: 18171988 | H27: 4241004 | I27: 7159494 | J27: 98 | K27: 1028572 | M27: =IF(SUM(G27:I27)>0,SUM(G27:I27),"") -> 29572486 | N27: =IF(N(C27)+N(M27)>0,N(C27)+N(M27),"") -> 94404520 | O27: =IFERROR(IF(D27>0,C27/D27,""),"") -> 459801.66 | P27: =IFERROR(IF(J27>0,M27/J27,""),"") -> 301760.06 | Q27: =IFERROR(IF(E27>0,D27/E27,""),"")
A28: 46045 | B28: T6 | C28: 68722926 | D28: 162 | G28: 18332728 | H28: 7538997 | I28: 11564491 | J28: 134 | K28: 3622588 | M28: =IF(SUM(G28:I28)>0,SUM(G28:I28),"") -> 37436216 | N28: =IF(N(C28)+N(M28)>0,N(C28)+N(M28),"") -> 106159142 | O28: =IFERROR(IF(D28>0,C28/D28,""),"") -> 424215.59 | P28: =IFERROR(IF(J28>0,M28/J28,""),"") -> 279374.75 | Q28: =IFERROR(IF(E28>0,D28/E28,""),"")
A29: 46046 | B29: T7 | C29: 64330956 | D29: 155 | G29: 22272484 | H29: 6737997 | I29: 7586495 | J29: 129 | K29: 125000 | M29: =IF(SUM(G29:I29)>0,SUM(G29:I29),"") -> 36596976 | N29: =IF(N(C29)+N(M29)>0,N(C29)+N(M29),"") -> 100927932 | O29: =IFERROR(IF(D29>0,C29/D29,""),"") -> 415038.43 | P29: =IFERROR(IF(J29>0,M29/J29,""),"") -> 283697.49 | Q29: =IFERROR(IF(E29>0,D29/E29,""),"")
A30: 46047 | B30: CN | C30: 43376593 | D30: 118 | G30: 19380747 | H30: 8615497 | I30: 10410488 | J30: 126 | M30: =IF(SUM(G30:I30)>0,SUM(G30:I30),"") -> 38406732 | N30: =IF(N(C30)+N(M30)>0,N(C30)+N(M30),"") -> 81783325 | O30: =IFERROR(IF(D30>0,C30/D30,""),"") -> 367598.25 | P30: =IFERROR(IF(J30>0,M30/J30,""),"") -> 304815.33 | Q30: =IFERROR(IF(E30>0,D30/E30,""),"")
A31: 46048 | B31: T2 | C31: 49801543 | D31: 112 | G31: 11327008 | H31: 9147002 | I31: 4359995 | J31: 87 | K31: 4982400 | M31: =IF(SUM(G31:I31)>0,SUM(G31:I31),"") -> 24834005 | N31: =IF(N(C31)+N(M31)>0,N(C31)+N(M31),"") -> 74635548 | O31: =IFERROR(IF(D31>0,C31/D31,""),"") -> 444656.63 | P31: =IFERROR(IF(J31>0,M31/J31,""),"") -> 285448.33 | Q31: =IFERROR(IF(E31>0,D31/E31,""),"")
A32: 46049 | B32: T3 | C32: 63793471 | D32: 138 | G32: 13076770 | H32: 6579988 | I32: 6523994 | J32: 84 | K32: 6344459 | M32: =IF(SUM(G32:I32)>0,SUM(G32:I32),"") -> 26180752 | N32: =IF(N(C32)+N(M32)>0,N(C32)+N(M32),"") -> 89974223 | O32: =IFERROR(IF(D32>0,C32/D32,""),"") -> 462271.53 | P32: =IFERROR(IF(J32>0,M32/J32,""),"") -> 311675.62 | Q32: =IFERROR(IF(E32>0,D32/E32,""),"")
A33: 46050 | B33: T4 | C33: 69321865 | D33: 159 | G33: 13628994 | H33: 5741003 | I33: 10440987 | J33: 99 | M33: =IF(SUM(G33:I33)>0,SUM(G33:I33),"") -> 29810984 | N33: =IF(N(C33)+N(M33)>0,N(C33)+N(M33),"") -> 99132849 | O33: =IFERROR(IF(D33>0,C33/D33,""),"") -> 435986.57 | P33: =IFERROR(IF(J33>0,M33/J33,""),"") -> 301121.05 | Q33: =IFERROR(IF(E33>0,D33/E33,""),"")
A34: 46051 | B34: T5 | C34: 63387099 | D34: 159 | G34: 12601993 | H34: 13656480 | I34: 11037495 | J34: 122 | K34: 753600 | M34: =IF(SUM(G34:I34)>0,SUM(G34:I34),"") -> 37295968 | N34: =IF(N(C34)+N(M34)>0,N(C34)+N(M34),"") -> 100683067 | O34: =IFERROR(IF(D34>0,C34/D34,""),"") -> 398661 | P34: =IFERROR(IF(J34>0,M34/J34,""),"") -> 305704.66 | Q34: =IFERROR(IF(E34>0,D34/E34,""),"")
A35: 46052 | B35: T6 | C35: 56388078 | D35: 138 | G35: 21297237 | H35: 9977959 | I35: 11522492 | J35: 149 | K35: 347223 | M35: =IF(SUM(G35:I35)>0,SUM(G35:I35),"") -> 42797688 | N35: =IF(N(C35)+N(M35)>0,N(C35)+N(M35),"") -> 99185766 | O35: =IFERROR(IF(D35>0,C35/D35,""),"") -> 408609.26 | P35: =IFERROR(IF(J35>0,M35/J35,""),"") -> 287232.81 | Q35: =IFERROR(IF(E35>0,D35/E35,""),"")
A36: 46053 | B36: T7 | C36: 62779774 | D36: 148 | G36: 24820493 | H36: 7921997 | I36: 11620993 | J36: 155 | K36: 1028800 | M36: =IF(SUM(G36:I36)>0,SUM(G36:I36),"") -> 44363483 | N36: =IF(N(C36)+N(M36)>0,N(C36)+N(M36),"") -> 107143257 | O36: =IFERROR(IF(D36>0,C36/D36,""),"") -> 424187.66 | P36: =IFERROR(IF(J36>0,M36/J36,""),"") -> 286216.02 | Q36: =IFERROR(IF(E36>0,D36/E36,""),"")

Sheet 📅 DAILY T2-26
A1: DAILY INPUT • THÁNG 2/2026 • CARASE FB & STORE
A2: 🟡 Ô VÀNG = Team điền mỗi ngày | 🟢 Ô XANH = Tự tính | Deadline 22:00
A3: 📅 THỜI GIAN | C3: 📱 FACEBOOK | E3: 📢 ADS | G3: 🏪 STORE | K3: 👓 O3 | L3: 📝 | M3: 📊 AUTO | O3: 📊 AUTO | Q3: 📊
A4: Ngày | B4: T | C4: DT FB (đ) | D4: Đơn FB | E4: CMT+IB (Vpage) | F4: CP Ads (đ) | G4: DT NDC (đ) | H4: DT PH (đ) | I4: DT NGT (đ) | J4: Đơn Store | K4: DT O3 (đ) | L4: Ghi chú | M4: DT Store (=G+H+I) | N4: DT Total (=FB+Store) | O4: AOV FB (C/D) | P4: AOV Store (M/J) | Q4: CR% (D/E)
A5: TARGET/THÁNG
A6: 46054 | B6: CN | C6: 50108336 | D6: 109 | G6: 20876975 | H6: 13079503 | I6: 8193994 | J6: 133 | K6: 753600 | M6: =IF(SUM(G6:I6)>0,SUM(G6:I6),"") -> 42150472 | N6: =IF(N(C6)+N(M6)>0,N(C6)+N(M6),"") -> 92258808 | O6: =IFERROR(IF(D6>0,C6/D6,""),"") -> 459709.5 | P6: =IFERROR(IF(J6>0,M6/J6,""),"") -> 316920.84 | Q6: =IFERROR(IF(E6>0,D6/E6,""),"")
A7: 46055 | B7: T2 | C7: 64921114 | D7: 151 | G7: 24873975 | H7: 4371998 | I7: 6911248 | J7: 113 | K7: 6488365 | M7: =IF(SUM(G7:I7)>0,SUM(G7:I7),"") -> 36157221 | N7: =IF(N(C7)+N(M7)>0,N(C7)+N(M7),"") -> 101078335 | O7: =IFERROR(IF(D7>0,C7/D7,""),"") -> 429941.15 | P7: =IFERROR(IF(J7>0,M7/J7,""),"") -> 319975.41 | Q7: =IFERROR(IF(E7>0,D7/E7,""),"")
A8: 46056 | B8: T3 | C8: 88558814 | D8: 190 | G8: 15489719 | H8: 9887746 | I8: 9854394 | J8: 108 | K8: 2073831 | M8: =IF(SUM(G8:I8)>0,SUM(G8:I8),"") -> 35231859 | N8: =IF(N(C8)+N(M8)>0,N(C8)+N(M8),"") -> 123790673 | O8: =IFERROR(IF(D8>0,C8/D8,""),"") -> 466099.02 | P8: =IFERROR(IF(J8>0,M8/J8,""),"") -> 326220.92 | Q8: =IFERROR(IF(E8>0,D8/E8,""),"")
A9: 46057 | B9: T4 | C9: 60850038 | D9: 150 | G9: 18763977 | H9: 8654006 | I9: 9083990 | J9: 115 | K9: 200001 | M9: =IF(SUM(G9:I9)>0,SUM(G9:I9),"") -> 36501973 | N9: =IF(N(C9)+N(M9)>0,N(C9)+N(M9),"") -> 97352011 | O9: =IFERROR(IF(D9>0,C9/D9,""),"") -> 405666.92 | P9: =IFERROR(IF(J9>0,M9/J9,""),"") -> 317408.46 | Q9: =IFERROR(IF(E9>0,D9/E9,""),"")
A10: 46058 | B10: T5 | C10: 93653363 | D10: 181 | G10: 31113480 | H10: 9863399 | I10: 15002986 | J10: 181 | K10: 1061518 | M10: =IF(SUM(G10:I10)>0,SUM(G10:I10),"") -> 55979865 | N10: =IF(N(C10)+N(M10)>0,N(C10)+N(M10),"") -> 149633228 | O10: =IFERROR(IF(D10>0,C10/D10,""),"") -> 517421.9 | P10: =IFERROR(IF(J10>0,M10/J10,""),"") -> 309281.02 | Q10: =IFERROR(IF(E10>0,D10/E10,""),"")
A11: 46059 | B11: T6 | C11: 88326525 | D11: 192 | G11: 26819984 | H11: 12426498 | I11: 13442486 | J11: 177 | K11: 1028800 | M11: =IF(SUM(G11:I11)>0,SUM(G11:I11),"") -> 52688968 | N11: =IF(N(C11)+N(M11)>0,N(C11)+N(M11),"") -> 141015493 | O11: =IFERROR(IF(D11>0,C11/D11,""),"") -> 460033.98 | P11: =IFERROR(IF(J11>0,M11/J11,""),"") -> 297677.79 | Q11: =IFERROR(IF(E11>0,D11/E11,""),"")
A12: 46060 | B12: T7 | C12: 46358251 | D12: 123 | G12: 25673478 | H12: 16480498 | I12: 13953488 | J12: 185 | M12: =IF(SUM(G12:I12)>0,SUM(G12:I12),"") -> 56107464 | N12: =IF(N(C12)+N(M12)>0,N(C12)+N(M12),"") -> 102465715 | O12: =IFERROR(IF(D12>0,C12/D12,""),"") -> 376896.35 | P12: =IFERROR(IF(J12>0,M12/J12,""),"") -> 303283.59 | Q12: =IFERROR(IF(E12>0,D12/E12,""),"")
A13: 46061 | B13: CN | C13: 91353590 | D13: 192 | G13: 26581941 | H13: 5852000 | I13: 13459976 | J13: 156 | K13: 1105452 | M13: =IF(SUM(G13:I13)>0,SUM(G13:I13),"") -> 45893917 | N13: =IF(N(C13)+N(M13)>0,N(C13)+N(M13),"") -> 137247507 | O13: =IFERROR(IF(D13>0,C13/D13,""),"") -> 475799.95 | P13: =IFERROR(IF(J13>0,M13/J13,""),"") -> 294191.78 | Q13: =IFERROR(IF(E13>0,D13/E13,""),"")
A14: 46062 | B14: T2 | C14: 57741542 | D14: 129 | G14: 20345468 | H14: 10940501 | I14: 11550989 | J14: 142 | K14: 5416324 | M14: =IF(SUM(G14:I14)>0,SUM(G14:I14),"") -> 42836958 | N14: =IF(N(C14)+N(M14)>0,N(C14)+N(M14),"") -> 100578500 | O14: =IFERROR(IF(D14>0,C14/D14,""),"") -> 447608.85 | P14: =IFERROR(IF(J14>0,M14/J14,""),"") -> 301668.72 | Q14: =IFERROR(IF(E14>0,D14/E14,""),"")
A15: 46063 | B15: T3 | C15: 72142067 | D15: 170 | G15: 26675969 | H15: 16187995 | I15: 13954492 | J15: 156 | K15: 750000 | M15: =IF(SUM(G15:I15)>0,SUM(G15:I15),"") -> 56818456 | N15: =IF(N(C15)+N(M15)>0,N(C15)+N(M15),"") -> 128960523 | O15: =IFERROR(IF(D15>0,C15/D15,""),"") -> 424365.1 | P15: =IFERROR(IF(J15>0,M15/J15,""),"") -> 364220.87 | Q15: =IFERROR(IF(E15>0,D15/E15,""),"")
A16: 46064 | B16: T4 | C16: 101499483 | D16: 213 | G16: 27996471 | H16: 21896980 | I16: 15569001 | J16: 184 | K16: 1790400 | M16: =IF(SUM(G16:I16)>0,SUM(G16:I16),"") -> 65462452 | N16: =IF(N(C16)+N(M16)>0,N(C16)+N(M16),"") -> 166961935 | O16: =IFERROR(IF(D16>0,C16/D16,""),"") -> 476523.39 | P16: =IFERROR(IF(J16>0,M16/J16,""),"") -> 355774.2 | Q16: =IFERROR(IF(E16>0,D16/E16,""),"")
A17: 46065 | B17: T5 | C17: 96346100 | D17: 202 | G17: 26653982 | H17: 24483492 | I17: 14464990 | J17: 187 | K17: 6987966 | M17: =IF(SUM(G17:I17)>0,SUM(G17:I17),"") -> 65602464 | N17: =IF(N(C17)+N(M17)>0,N(C17)+N(M17),"") -> 161948564 | O17: =IFERROR(IF(D17>0,C17/D17,""),"") -> 476960.89 | P17: =IFERROR(IF(J17>0,M17/J17,""),"") -> 350815.32 | Q17: =IFERROR(IF(E17>0,D17/E17,""),"")
A18: 46066 | B18: T6 | C18: 82567606 | D18: 185 | G18: 33299454 | H18: 25645747 | I18: 18701988 | J18: 244 | K18: 1827496 | M18: =IF(SUM(G18:I18)>0,SUM(G18:I18),"") -> 77647189 | N18: =IF(N(C18)+N(M18)>0,N(C18)+N(M18),"") -> 160214795 | O18: =IFERROR(IF(D18>0,C18/D18,""),"") -> 446311.38 | P18: =IFERROR(IF(J18>0,M18/J18,""),"") -> 318226.18 | Q18: =IFERROR(IF(E18>0,D18/E18,""),"")
A19: 46067 | B19: T7 | C19: 55401129 | D19: 116 | G19: 43160216 | H19: 27952495 | I19: 10786487 | J19: 232 | K19: 3152458 | M19: =IF(SUM(G19:I19)>0,SUM(G19:I19),"") -> 81899198 | N19: =IF(N(C19)+N(M19)>0,N(C19)+N(M19),"") -> 137300327 | O19: =IFERROR(IF(D19>0,C19/D19,""),"") -> 477595.94 | P19: =IFERROR(IF(J19>0,M19/J19,""),"") -> 353013.78 | Q19: =IFERROR(IF(E19>0,D19/E19,""),"")
A20: 46068 | B20: CN | C20: 35825726 | D20: 78 | G20: 23492736 | H20: 27382246 | I20: 5920496 | J20: 163 | K20: 448000 | M20: =IF(SUM(G20:I20)>0,SUM(G20:I20),"") -> 56795478 | N20: =IF(N(C20)+N(M20)>0,N(C20)+N(M20),"") -> 92621204 | O20: =IFERROR(IF(D20>0,C20/D20,""),"") -> 459304.18 | P20: =IFERROR(IF(J20>0,M20/J20,""),"") -> 348438.52 | Q20: =IFERROR(IF(E20>0,D20/E20,""),"")
A21: 46069 | B21: T2 | C21: 15408017 | D21: 40 | G21: 14058991 | H21: 16740997 | J21: 89 | M21: =IF(SUM(G21:I21)>0,SUM(G21:I21),"") -> 30799988 | N21: =IF(N(C21)+N(M21)>0,N(C21)+N(M21),"") -> 46208005 | O21: =IFERROR(IF(D21>0,C21/D21,""),"") -> 385200.42 | P21: =IFERROR(IF(J21>0,M21/J21,""),"") -> 346067.28 | Q21: =IFERROR(IF(E21>0,D21/E21,""),"")
A22: 46070 | B22: T3 | M22: =IF(SUM(G22:I22)>0,SUM(G22:I22),"") | N22: =IF(N(C22)+N(M22)>0,N(C22)+N(M22),"") | O22: =IFERROR(IF(D22>0,C22/D22,""),"") | P22: =IFERROR(IF(J22>0,M22/J22,""),"") | Q22: =IFERROR(IF(E22>0,D22/E22,""),"")
A23: 46071 | B23: T4 | M23: =IF(SUM(G23:I23)>0,SUM(G23:I23),"") | N23: =IF(N(C23)+N(M23)>0,N(C23)+N(M23),"") | O23: =IFERROR(IF(D23>0,C23/D23,""),"") | P23: =IFERROR(IF(J23>0,M23/J23,""),"") | Q23: =IFERROR(IF(E23>0,D23/E23,""),"")
A24: 46072 | B24: T5 | M24: =IF(SUM(G24:I24)>0,SUM(G24:I24),"") | N24: =IF(N(C24)+N(M24)>0,N(C24)+N(M24),"") | O24: =IFERROR(IF(D24>0,C24/D24,""),"") | P24: =IFERROR(IF(J24>0,M24/J24,""),"") | Q24: =IFERROR(IF(E24>0,D24/E24,""),"")
A25: 46073 | B25: T6 | M25: =IF(SUM(G25:I25)>0,SUM(G25:I25),"") | N25: =IF(N(C25)+N(M25)>0,N(C25)+N(M25),"") | O25: =IFERROR(IF(D25>0,C25/D25,""),"") | P25: =IFERROR(IF(J25>0,M25/J25,""),"") | Q25: =IFERROR(IF(E25>0,D25/E25,""),"")
A26: 46074 | B26: T7 | C26: 16207041 | D26: 40 | G26: 6306995 | H26: 4625002 | I26: 2409998 | J26: 45 | K26: 448000 | M26: =IF(SUM(G26:I26)>0,SUM(G26:I26),"") -> 13341995 | N26: =IF(N(C26)+N(M26)>0,N(C26)+N(M26),"") -> 29549036 | O26: =IFERROR(IF(D26>0,C26/D26,""),"") -> 405176.03 | P26: =IFERROR(IF(J26>0,M26/J26,""),"") -> 296488.78 | Q26: =IFERROR(IF(E26>0,D26/E26,""),"")
A27: 46075 | B27: CN | C27: 25515214 | D27: 52 | G27: 6301494 | H27: 4814999 | I27: 2286999 | J27: 42 | M27: =IF(SUM(G27:I27)>0,SUM(G27:I27),"") -> 13403492 | N27: =IF(N(C27)+N(M27)>0,N(C27)+N(M27),"") -> 38918706 | O27: =IFERROR(IF(D27>0,C27/D27,""),"") -> 490677.19 | P27: =IFERROR(IF(J27>0,M27/J27,""),"") -> 319130.76 | Q27: =IFERROR(IF(E27>0,D27/E27,""),"")
A28: 46076 | B28: T2 | C28: 26894541 | D28: 55 | G28: 10785497 | H28: 10187505 | I28: 1504499 | J28: 51 | K28: 320000 | M28: =IF(SUM(G28:I28)>0,SUM(G28:I28),"") -> 22477501 | N28: =IF(N(C28)+N(M28)>0,N(C28)+N(M28),"") -> 49372042 | O28: =IFERROR(IF(D28>0,C28/D28,""),"") -> 488991.65 | P28: =IFERROR(IF(J28>0,M28/J28,""),"") -> 440735.31 | Q28: =IFERROR(IF(E28>0,D28/E28,""),"")
A29: 46077 | B29: T3 | C29: 31085535 | D29: 74 | G29: 6756998 | H29: 3712002 | I29: 1320899 | J29: 36 | K29: 229400 | M29: =IF(SUM(G29:I29)>0,SUM(G29:I29),"") -> 11789899 | N29: =IF(N(C29)+N(M29)>0,N(C29)+N(M29),"") -> 42875434 | O29: =IFERROR(IF(D29>0,C29/D29,""),"") -> 420074.8 | P29: =IFERROR(IF(J29>0,M29/J29,""),"") -> 327497.19 | Q29: =IFERROR(IF(E29>0,D29/E29,""),"")
A30: 46078 | B30: T4 | C30: 54216209 | D30: 114 | G30: 4892248 | H30: 5403501 | I30: 2748979 | J30: 42 | K30: 5004000 | M30: =IF(SUM(G30:I30)>0,SUM(G30:I30),"") -> 13044728 | N30: =IF(N(C30)+N(M30)>0,N(C30)+N(M30),"") -> 67260937 | O30: =IFERROR(IF(D30>0,C30/D30,""),"") -> 475580.78 | P30: =IFERROR(IF(J30>0,M30/J30,""),"") -> 310588.76 | Q30: =IFERROR(IF(E30>0,D30/E30,""),"")
A31: 46079 | B31: T5 | C31: 47077945 | D31: 99 | G31: 9879977 | H31: 7374499 | I31: 2232998 | J31: 50 | K31: 2224000 | M31: =IF(SUM(G31:I31)>0,SUM(G31:I31),"") -> 19487474 | N31: =IF(N(C31)+N(M31)>0,N(C31)+N(M31),"") -> 66565419 | O31: =IFERROR(IF(D31>0,C31/D31,""),"") -> 475534.8 | P31: =IFERROR(IF(J31>0,M31/J31,""),"") -> 389749.48 | Q31: =IFERROR(IF(E31>0,D31/E31,""),"")
A32: 46080 | B32: T6 | C32: 55770326 | D32: 102 | G32: 10152498 | H32: 5813995 | I32: 4116995 | J32: 63 | K32: 3889675 | M32: =IF(SUM(G32:I32)>0,SUM(G32:I32),"") -> 20083488 | N32: =IF(N(C32)+N(M32)>0,N(C32)+N(M32),"") -> 75853814 | O32: =IFERROR(IF(D32>0,C32/D32,""),"") -> 546767.9 | P32: =IFERROR(IF(J32>0,M32/J32,""),"") -> 318785.52 | Q32: =IFERROR(IF(E32>0,D32/E32,""),"")
A33: 46081 | B33: T7 | C33: 38036221 | D33: 79 | G33: 5463001 | H33: 6145002 | I33: 7299487 | J33: 56 | K33: 4044814 | M33: =IF(SUM(G33:I33)>0,SUM(G33:I33),"") -> 18907490 | N33: =IF(N(C33)+N(M33)>0,N(C33)+N(M33),"") -> 56943711 | O33: =IFERROR(IF(D33>0,C33/D33,""),"") -> 481471.15 | P33: =IFERROR(IF(J33>0,M33/J33,""),"") -> 337633.75 | Q33: =IFERROR(IF(E33>0,D33/E33,""),"")

Sheet 📅 DAILY T3-26
A1: DAILY INPUT • THÁNG 3/2026 • CARASE FB & STORE
A2: 🟡 Ô VÀNG = Team điền mỗi ngày | 🟢 Ô XANH = Tự tính | Deadline 22:00
A3: 📅 THỜI GIAN | C3: 📱 FACEBOOK | E3: 📢 ADS | G3: 🏪 STORE | K3: 👓 O3 | L3: 📝 | M3: 📊 AUTO | O3: 📊 AUTO | Q3: 📊
A4: Ngày | B4: T | C4: DT FB (đ) | D4: Đơn FB | E4: CMT+IB (Vpage) | F4: CP Ads (đ) | G4: DT NDC (đ) | H4: DT PH (đ) | I4: DT NGT (đ) | J4: Đơn Store | K4: DT O3 (đ) | L4: Ghi chú | M4: DT Store (=G+H+I) | N4: DT Total (=FB+Store) | O4: AOV FB (C/D) | P4: AOV Store (M/J) | Q4: CR% (D/E)
A5: TARGET/THÁNG
A6: 46082 | B6: CN | C6: 31471028 | D6: 72 | G6: 9123988 | H6: 4973999 | I6: 3471000 | J6: 46 | K6: 3016190 | M6: =IF(SUM(G6:I6)>0,SUM(G6:I6),"") -> 17568987 | N6: =IF(N(C6)+N(M6)>0,N(C6)+N(M6),"") -> 49040015 | O6: =IFERROR(IF(D6>0,C6/D6,""),"") -> 437097.61 | P6: =IFERROR(IF(J6>0,M6/J6,""),"") -> 381934.5 | Q6: =IFERROR(IF(E6>0,D6/E6,""),"")
A7: 46083 | B7: T2 | C7: 42386830 | D7: 84 | G7: 8079000 | H7: 2237000 | I7: 3462995 | J7: 43 | K7: 6142830 | M7: =IF(SUM(G7:I7)>0,SUM(G7:I7),"") -> 13778995 | N7: =IF(N(C7)+N(M7)>0,N(C7)+N(M7),"") -> 56165825 | O7: =IFERROR(IF(D7>0,C7/D7,""),"") -> 504605.12 | P7: =IFERROR(IF(J7>0,M7/J7,""),"") -> 320441.74 | Q7: =IFERROR(IF(E7>0,D7/E7,""),"")
A8: 46084 | B8: T3 | C8: 32799967 | D8: 82 | G8: 8892742 | H8: 6339498 | I8: 2400998 | J8: 51 | K8: 753600 | M8: =IF(SUM(G8:I8)>0,SUM(G8:I8),"") -> 17633238 | N8: =IF(N(C8)+N(M8)>0,N(C8)+N(M8),"") -> 50433205 | O8: =IFERROR(IF(D8>0,C8/D8,""),"") -> 399999.6 | P8: =IFERROR(IF(J8>0,M8/J8,""),"") -> 345749.76 | Q8: =IFERROR(IF(E8>0,D8/E8,""),"")
A9: 46085 | B9: T4 | C9: 59551861 | D9: 117 | G9: 8473495 | H9: 2933249 | I9: 4912494 | J9: 51 | K9: 3427658 | M9: =IF(SUM(G9:I9)>0,SUM(G9:I9),"") -> 16319238 | N9: =IF(N(C9)+N(M9)>0,N(C9)+N(M9),"") -> 75871099 | O9: =IFERROR(IF(D9>0,C9/D9,""),"") -> 508990.26 | P9: =IFERROR(IF(J9>0,M9/J9,""),"") -> 319985.06 | Q9: =IFERROR(IF(E9>0,D9/E9,""),"")
A10: 46086 | B10: T5 | C10: 47626769 | D10: 107 | G10: 4755995 | H10: 4111500 | I10: 3241999 | J10: 51 | K10: 502858 | M10: =IF(SUM(G10:I10)>0,SUM(G10:I10),"") -> 12109494 | N10: =IF(N(C10)+N(M10)>0,N(C10)+N(M10),"") -> 59736263 | O10: =IFERROR(IF(D10>0,C10/D10,""),"") -> 445109.99 | P10: =IFERROR(IF(J10>0,M10/J10,""),"") -> 237441.06 | Q10: =IFERROR(IF(E10>0,D10/E10,""),"")
A11: 46087 | B11: T6 | C11: 40839833 | D11: 94 | G11: 9344992 | H11: 6069008 | I11: 2407999 | J11: 60 | K11: 2216000 | M11: =IF(SUM(G11:I11)>0,SUM(G11:I11),"") -> 17821999 | N11: =IF(N(C11)+N(M11)>0,N(C11)+N(M11),"") -> 58661832 | O11: =IFERROR(IF(D11>0,C11/D11,""),"") -> 434466.31 | P11: =IFERROR(IF(J11>0,M11/J11,""),"") -> 297033.32 | Q11: =IFERROR(IF(E11>0,D11/E11,""),"")
A12: 46088 | B12: T7 | C12: 42800056 | D12: 114 | G12: 8931997 | H12: 7260495 | I12: 4003999 | J12: 77 | M12: =IF(SUM(G12:I12)>0,SUM(G12:I12),"") -> 20196491 | N12: =IF(N(C12)+N(M12)>0,N(C12)+N(M12),"") -> 62996547 | O12: =IFERROR(IF(D12>0,C12/D12,""),"") -> 375439.09 | P12: =IFERROR(IF(J12>0,M12/J12,""),"") -> 262292.09 | Q12: =IFERROR(IF(E12>0,D12/E12,""),"")
A13: 46089 | B13: CN | C13: 38141552 | D13: 82 | G13: 11466488 | H13: 6596498 | I13: 3452998 | J13: 74 | K13: 2384800 | M13: =IF(SUM(G13:I13)>0,SUM(G13:I13),"") -> 21515984 | N13: =IF(N(C13)+N(M13)>0,N(C13)+N(M13),"") -> 59657536 | O13: =IFERROR(IF(D13>0,C13/D13,""),"") -> 465140.88 | P13: =IFERROR(IF(J13>0,M13/J13,""),"") -> 290756.54 | Q13: =IFERROR(IF(E13>0,D13/E13,""),"")
A14: 46090 | B14: T2 | C14: 31013521 | D14: 68 | G14: 10078500 | H14: 3123000 | I14: 3096997 | J14: 52 | K14: 1828800 | M14: =IF(SUM(G14:I14)>0,SUM(G14:I14),"") -> 16298497 | N14: =IF(N(C14)+N(M14)>0,N(C14)+N(M14),"") -> 47312018 | O14: =IFERROR(IF(D14>0,C14/D14,""),"") -> 456081.19 | P14: =IFERROR(IF(J14>0,M14/J14,""),"") -> 313432.63 | Q14: =IFERROR(IF(E14>0,D14/E14,""),"")
A15: 46091 | B15: T3 | C15: 44979283 | D15: 95 | G15: 5408995 | H15: 5076500 | I15: 2800999 | J15: 37 | K15: 350000 | M15: =IF(SUM(G15:I15)>0,SUM(G15:I15),"") -> 13286494 | N15: =IF(N(C15)+N(M15)>0,N(C15)+N(M15),"") -> 58265777 | O15: =IFERROR(IF(D15>0,C15/D15,""),"") -> 473466.14 | P15: =IFERROR(IF(J15>0,M15/J15,""),"") -> 359094.43 | Q15: =IFERROR(IF(E15>0,D15/E15,""),"")
A16: 46092 | B16: T4 | C16: 53629033 | D16: 95 | G16: 6608247 | H16: 4589999 | I16: 4680499 | J16: 55 | K16: 9147514 | M16: =IF(SUM(G16:I16)>0,SUM(G16:I16),"") -> 15878745 | N16: =IF(N(C16)+N(M16)>0,N(C16)+N(M16),"") -> 69507778 | O16: =IFERROR(IF(D16>0,C16/D16,""),"") -> 564516.14 | P16: =IFERROR(IF(J16>0,M16/J16,""),"") -> 288704.45 | Q16: =IFERROR(IF(E16>0,D16/E16,""),"")
A17: 46093 | B17: T5 | C17: 46018140 | D17: 94 | G17: 9706243 | H17: 5519003 | I17: 3539000 | J17: 56 | K17: 2560000 | M17: =IF(SUM(G17:I17)>0,SUM(G17:I17),"") -> 18764246 | N17: =IF(N(C17)+N(M17)>0,N(C17)+N(M17),"") -> 64782386 | O17: =IFERROR(IF(D17>0,C17/D17,""),"") -> 489554.68 | P17: =IFERROR(IF(J17>0,M17/J17,""),"") -> 335075.82 | Q17: =IFERROR(IF(E17>0,D17/E17,""),"")
A18: 46094 | B18: T6 | C18: 38548805 | D18: 89 | G18: 1657999 | H18: 718999 | I18: 1138998 | J18: 16 | M18: =IF(SUM(G18:I18)>0,SUM(G18:I18),"") -> 3515996 | N18: =IF(N(C18)+N(M18)>0,N(C18)+N(M18),"") -> 42064801 | O18: =IFERROR(IF(D18>0,C18/D18,""),"") -> 433132.64 | P18: =IFERROR(IF(J18>0,M18/J18,""),"") -> 219749.75 | Q18: =IFERROR(IF(E18>0,D18/E18,""),"")
A19: 46095 | B19: T7 | C19: 40389541 | D19: 93 | G19: 14086997 | H19: 9660998 | I19: 9783992 | J19: 104 | K19: 685714 | M19: =IF(SUM(G19:I19)>0,SUM(G19:I19),"") -> 33531987 | N19: =IF(N(C19)+N(M19)>0,N(C19)+N(M19),"") -> 73921528 | O19: =IFERROR(IF(D19>0,C19/D19,""),"") -> 434296.14 | P19: =IFERROR(IF(J19>0,M19/J19,""),"") -> 322422.95 | Q19: =IFERROR(IF(E19>0,D19/E19,""),"")
A20: 46096 | B20: CN | C20: 27618269 | D20: 71 | G20: 9106001 | H20: 5302249 | I20: 5098995 | J20: 69 | K20: 650000 | M20: =IF(SUM(G20:I20)>0,SUM(G20:I20),"") -> 19507245 | N20: =IF(N(C20)+N(M20)>0,N(C20)+N(M20),"") -> 47125514 | O20: =IFERROR(IF(D20>0,C20/D20,""),"") -> 388989.7 | P20: =IFERROR(IF(J20>0,M20/J20,""),"") -> 282713.7 | Q20: =IFERROR(IF(E20>0,D20/E20,""),"")
A21: 46097 | B21: T2 | C21: 42973319 | D21: 97 | G21: 10416490 | H21: 4095997 | I21: 3743998 | J21: 50 | K21: 753600 | M21: =IF(SUM(G21:I21)>0,SUM(G21:I21),"") -> 18256485 | N21: =IF(N(C21)+N(M21)>0,N(C21)+N(M21),"") -> 61229804 | O21: =IFERROR(IF(D21>0,C21/D21,""),"") -> 443023.91 | P21: =IFERROR(IF(J21>0,M21/J21,""),"") -> 365129.7 | Q21: =IFERROR(IF(E21>0,D21/E21,""),"")
A22: 46098 | B22: T3 | C22: 37340768 | D22: 86 | G22: 8597098 | H22: 5075498 | I22: 2844401 | J22: 54 | K22: 1028800 | M22: =IF(SUM(G22:I22)>0,SUM(G22:I22),"") -> 16516997 | N22: =IF(N(C22)+N(M22)>0,N(C22)+N(M22),"") -> 53857765 | O22: =IFERROR(IF(D22>0,C22/D22,""),"") -> 434194.98 | P22: =IFERROR(IF(J22>0,M22/J22,""),"") -> 305870.31 | Q22: =IFERROR(IF(E22>0,D22/E22,""),"")
A23: 46099 | B23: T4 | C23: 49750237 | D23: 91 | G23: 6939454 | H23: 5695006 | I23: 5374996 | J23: 67 | K23: 2562422 | M23: =IF(SUM(G23:I23)>0,SUM(G23:I23),"") -> 18009456 | N23: =IF(N(C23)+N(M23)>0,N(C23)+N(M23),"") -> 67759693 | O23: =IFERROR(IF(D23>0,C23/D23,""),"") -> 546705.9 | P23: =IFERROR(IF(J23>0,M23/J23,""),"") -> 268797.85 | Q23: =IFERROR(IF(E23>0,D23/E23,""),"")
A24: 46100 | B24: T5 | C24: 44649969 | D24: 103 | G24: 12270609 | H24: 3460601 | I24: 5612996 | J24: 80 | K24: 753600 | M24: =IF(SUM(G24:I24)>0,SUM(G24:I24),"") -> 21344206 | N24: =IF(N(C24)+N(M24)>0,N(C24)+N(M24),"") -> 65994175 | O24: =IFERROR(IF(D24>0,C24/D24,""),"") -> 433494.84 | P24: =IFERROR(IF(J24>0,M24/J24,""),"") -> 266802.58 | Q24: =IFERROR(IF(E24>0,D24/E24,""),"")
A25: 46101 | B25: T6 | C25: 40171282 | D25: 107 | G25: 14094198 | H25: 4200001 | I25: 4273997 | J25: 87 | K25: 1028800 | M25: =IF(SUM(G25:I25)>0,SUM(G25:I25),"") -> 22568196 | N25: =IF(N(C25)+N(M25)>0,N(C25)+N(M25),"") -> 62739478 | O25: =IFERROR(IF(D25>0,C25/D25,""),"") -> 375432.54 | P25: =IFERROR(IF(J25>0,M25/J25,""),"") -> 259404.55 | Q25: =IFERROR(IF(E25>0,D25/E25,""),"")
A26: 46102 | B26: T7 | C26: 36058674 | D26: 90 | G26: 15665952 | H26: 8029245 | I26: 5706000 | J26: 92 | K26: 1828800 | M26: =IF(SUM(G26:I26)>0,SUM(G26:I26),"") -> 29401197 | N26: =IF(N(C26)+N(M26)>0,N(C26)+N(M26),"") -> 65459871 | O26: =IFERROR(IF(D26>0,C26/D26,""),"") -> 400651.93 | P26: =IFERROR(IF(J26>0,M26/J26,""),"") -> 319578.23 | Q26: =IFERROR(IF(E26>0,D26/E26,""),"")
A27: 46103 | B27: CN | C27: 40342598 | D27: 91 | G27: 7018503 | H27: 5320001 | I27: 5124399 | J27: 59 | K27: 753600 | M27: =IF(SUM(G27:I27)>0,SUM(G27:I27),"") -> 17462903 | N27: =IF(N(C27)+N(M27)>0,N(C27)+N(M27),"") -> 57805501 | O27: =IFERROR(IF(D27>0,C27/D27,""),"") -> 443325.25 | P27: =IFERROR(IF(J27>0,M27/J27,""),"") -> 295981.41 | Q27: =IFERROR(IF(E27>0,D27/E27,""),"")
A28: 46104 | B28: T2 | C28: 32734522 | D28: 72 | G28: 7536000 | H28: 1725001 | I28: 2832001 | J28: 44 | K28: 2704990 | M28: =IF(SUM(G28:I28)>0,SUM(G28:I28),"") -> 12093002 | N28: =IF(N(C28)+N(M28)>0,N(C28)+N(M28),"") -> 44827524 | O28: =IFERROR(IF(D28>0,C28/D28,""),"") -> 454646.14 | P28: =IFERROR(IF(J28>0,M28/J28,""),"") -> 274840.95 | Q28: =IFERROR(IF(E28>0,D28/E28,""),"")
A29: 46105 | B29: T3 | C29: 45000217 | D29: 85 | G29: 6024098 | H29: 5339497 | I29: 1928248 | J29: 53 | K29: 2908859 | M29: =IF(SUM(G29:I29)>0,SUM(G29:I29),"") -> 13291843 | N29: =IF(N(C29)+N(M29)>0,N(C29)+N(M29),"") -> 58292060 | O29: =IFERROR(IF(D29>0,C29/D29,""),"") -> 529414.32 | P29: =IFERROR(IF(J29>0,M29/J29,""),"") -> 250789.49 | Q29: =IFERROR(IF(E29>0,D29/E29,""),"")
A30: 46106 | B30: T4 | C30: 39552441 | D30: 98 | G30: 6722504 | H30: 4296719 | I30: 4241003 | J30: 54 | K30: 3770972 | M30: =IF(SUM(G30:I30)>0,SUM(G30:I30),"") -> 15260226 | N30: =IF(N(C30)+N(M30)>0,N(C30)+N(M30),"") -> 54812667 | O30: =IFERROR(IF(D30>0,C30/D30,""),"") -> 403596.34 | P30: =IFERROR(IF(J30>0,M30/J30,""),"") -> 282596.78 | Q30: =IFERROR(IF(E30>0,D30/E30,""),"")
A31: 46107 | B31: T5 | C31: 40509109 | D31: 103 | G31: 8690154 | H31: 6081899 | I31: 3386997 | J31: 63 | K31: 1445466 | M31: =IF(SUM(G31:I31)>0,SUM(G31:I31),"") -> 18159050 | N31: =IF(N(C31)+N(M31)>0,N(C31)+N(M31),"") -> 58668159 | O31: =IFERROR(IF(D31>0,C31/D31,""),"") -> 393292.32 | P31: =IFERROR(IF(J31>0,M31/J31,""),"") -> 288238.89 | Q31: =IFERROR(IF(E31>0,D31/E31,""),"")
A32: 46108 | B32: T6 | C32: 32768011 | D32: 88 | G32: 6261846 | H32: 9076846 | I32: 3529798 | J32: 75 | M32: =IF(SUM(G32:I32)>0,SUM(G32:I32),"") -> 18868490 | N32: =IF(N(C32)+N(M32)>0,N(C32)+N(M32),"") -> 51636501 | O32: =IFERROR(IF(D32>0,C32/D32,""),"") -> 372363.76 | P32: =IFERROR(IF(J32>0,M32/J32,""),"") -> 251579.87 | Q32: =IFERROR(IF(E32>0,D32/E32,""),"")
A33: 46109 | B33: T7 | C33: 36169902 | D33: 92 | G33: 11611618 | H33: 5503352 | I33: 6679400 | J33: 90 | K33: 1002519 | M33: =IF(SUM(G33:I33)>0,SUM(G33:I33),"") -> 23794370 | N33: =IF(N(C33)+N(M33)>0,N(C33)+N(M33),"") -> 59964272 | O33: =IFERROR(IF(D33>0,C33/D33,""),"") -> 393151.11 | P33: =IFERROR(IF(J33>0,M33/J33,""),"") -> 264381.89 | Q33: =IFERROR(IF(E33>0,D33/E33,""),"")
A34: 46110 | B34: CN | C34: 32717538 | D34: 88 | G34: 9748599 | H34: 1635001 | I34: 4957501 | J34: 53 | K34: 324074 | M34: =IF(SUM(G34:I34)>0,SUM(G34:I34),"") -> 16341101 | N34: =IF(N(C34)+N(M34)>0,N(C34)+N(M34),"") -> 49058639 | O34: =IFERROR(IF(D34>0,C34/D34,""),"") -> 371790.2 | P34: =IFERROR(IF(J34>0,M34/J34,""),"") -> 308322.66 | Q34: =IFERROR(IF(E34>0,D34/E34,""),"")
A35: 46111 | B35: T2 | C35: 43893635 | D35: 77 | G35: 8328011 | H35: 2753502 | I35: 2520998 | J35: 41 | K35: 2331096 | M35: =IF(SUM(G35:I35)>0,SUM(G35:I35),"") -> 13602511 | N35: =IF(N(C35)+N(M35)>0,N(C35)+N(M35),"") -> 57496146 | O35: =IFERROR(IF(D35>0,C35/D35,""),"") -> 570047.21 | P35: =IFERROR(IF(J35>0,M35/J35,""),"") -> 331768.56 | Q35: =IFERROR(IF(E35>0,D35/E35,""),"")
A36: 46112 | B36: T3 | C36: 40705585 | D36: 85 | G36: 7614002 | H36: 4194254 | I36: 5027753 | J36: 47 | K36: 643000 | M36: =IF(SUM(G36:I36)>0,SUM(G36:I36),"") -> 16836009 | N36: =IF(N(C36)+N(M36)>0,N(C36)+N(M36),"") -> 57541594 | O36: =IFERROR(IF(D36>0,C36/D36,""),"") -> 478889.24 | P36: =IFERROR(IF(J36>0,M36/J36,""),"") -> 358212.96 | Q36: =IFERROR(IF(E36>0,D36/E36,""),"")

Sheet 📅 DAILY T4-26
A1: DAILY INPUT • THÁNG 4/2026 • CARASE FB & STORE
A2: 🟡 Ô VÀNG = Team điền mỗi ngày | 🟢 Ô XANH = Tự tính | Deadline 22:00
A3: 📅 THỜI GIAN | C3: 📱 FACEBOOK | E3: 📢 ADS | G3: 🏪 STORE | K3: 👓 O3 | L3: 📝 | M3: 📊 AUTO | O3: 📊 AUTO | Q3: 📊
A4: Ngày | B4: T | C4: DT FB (đ) | D4: Đơn FB | E4: CMT+IB (Vpage) | F4: CP Ads (đ) | G4: DT NDC (đ) | H4: DT PH (đ) | I4: DT NGT (đ) | J4: Đơn Store | K4: DT O3 (đ) | L4: Ghi chú | M4: DT Store (=G+H+I) | N4: DT Total (=FB+Store) | O4: AOV FB (C/D) | P4: AOV Store (M/J) | Q4: CR% (D/E)
A5: TARGET/THÁNG
A6: 46113 | B6: T4 | C6: 30806965 | D6: 72 | G6: 9022459 | H6: 2192253 | I6: 2027501 | J6: 43 | K6: 1715200 | M6: =IF(SUM(G6:I6)>0,SUM(G6:I6),"") -> 13242213 | N6: =IF(N(C6)+N(M6)>0,N(C6)+N(M6),"") -> 44049178 | O6: =IFERROR(IF(D6>0,C6/D6,""),"") -> 427874.51 | P6: =IFERROR(IF(J6>0,M6/J6,""),"") -> 307958.44 | Q6: =IFERROR(IF(E6>0,D6/E6,""),"")
A7: 46114 | B7: T5 | C7: 38234295 | D7: 95 | G7: 12231952 | H7: 3749748 | I7: 4128022 | J7: 58 | K7: 462963 | M7: =IF(SUM(G7:I7)>0,SUM(G7:I7),"") -> 20109722 | N7: =IF(N(C7)+N(M7)>0,N(C7)+N(M7),"") -> 58344017 | O7: =IFERROR(IF(D7>0,C7/D7,""),"") -> 402466.26 | P7: =IFERROR(IF(J7>0,M7/J7,""),"") -> 346719.34 | Q7: =IFERROR(IF(E7>0,D7/E7,""),"")
A8: 46115 | B8: T6 | C8: 35884714 | D8: 82 | G8: 7930496 | H8: 3549999 | I8: 4440498 | J8: 58 | K8: 3225987 | M8: =IF(SUM(G8:I8)>0,SUM(G8:I8),"") -> 15920993 | N8: =IF(N(C8)+N(M8)>0,N(C8)+N(M8),"") -> 51805707 | O8: =IFERROR(IF(D8>0,C8/D8,""),"") -> 437618.46 | P8: =IFERROR(IF(J8>0,M8/J8,""),"") -> 274499.88 | Q8: =IFERROR(IF(E8>0,D8/E8,""),"")
A9: 46116 | B9: T7 | C9: 25367074 | D9: 76 | G9: 6754499 | H9: 6242500 | I9: 3398498 | J9: 56 | M9: =IF(SUM(G9:I9)>0,SUM(G9:I9),"") -> 16395497 | N9: =IF(N(C9)+N(M9)>0,N(C9)+N(M9),"") -> 41762571 | O9: =IFERROR(IF(D9>0,C9/D9,""),"") -> 333777.29 | P9: =IFERROR(IF(J9>0,M9/J9,""),"") -> 292776.73 | Q9: =IFERROR(IF(E9>0,D9/E9,""),"")
A10: 46117 | B10: CN | C10: 31838202 | D10: 81 | G10: 12181008 | H10: 2381002 | I10: 3736497 | J10: 54 | K10: 753600 | M10: =IF(SUM(G10:I10)>0,SUM(G10:I10),"") -> 18298507 | N10: =IF(N(C10)+N(M10)>0,N(C10)+N(M10),"") -> 50136709 | O10: =IFERROR(IF(D10>0,C10/D10,""),"") -> 393064.22 | P10: =IFERROR(IF(J10>0,M10/J10,""),"") -> 338861.24 | Q10: =IFERROR(IF(E10>0,D10/E10,""),"")
A11: 46118 | B11: T2 | C11: 40785526 | D11: 83 | G11: 6575255 | H11: 3261100 | I11: 2384500 | J11: 42 | K11: 1510281 | M11: =IF(SUM(G11:I11)>0,SUM(G11:I11),"") -> 12220855 | N11: =IF(N(C11)+N(M11)>0,N(C11)+N(M11),"") -> 53006381 | O11: =IFERROR(IF(D11>0,C11/D11,""),"") -> 491391.88 | P11: =IFERROR(IF(J11>0,M11/J11,""),"") -> 290972.74 | Q11: =IFERROR(IF(E11>0,D11/E11,""),"")
A12: 46119 | B12: T3 | C12: 41203610 | D12: 91 | G12: 10137804 | H12: 2938501 | I12: 2932003 | J12: 54 | M12: =IF(SUM(G12:I12)>0,SUM(G12:I12),"") -> 16008308 | N12: =IF(N(C12)+N(M12)>0,N(C12)+N(M12),"") -> 57211918 | O12: =IFERROR(IF(D12>0,C12/D12,""),"") -> 452786.92 | P12: =IFERROR(IF(J12>0,M12/J12,""),"") -> 296450.15 | Q12: =IFERROR(IF(E12>0,D12/E12,""),"")
A13: 46120 | B13: T4 | C13: 40000108 | D13: 83 | G13: 8913601 | H13: 4783449 | I13: 4538501 | J13: 62 | M13: =IF(SUM(G13:I13)>0,SUM(G13:I13),"") -> 18235551 | N13: =IF(N(C13)+N(M13)>0,N(C13)+N(M13),"") -> 58235659 | O13: =IFERROR(IF(D13>0,C13/D13,""),"") -> 481929.01 | P13: =IFERROR(IF(J13>0,M13/J13,""),"") -> 294121.79 | Q13: =IFERROR(IF(E13>0,D13/E13,""),"")
A14: 46121 | B14: T5 | C14: 35601100 | D14: 86 | G14: 7390662 | H14: 5753853 | I14: 5547001 | J14: 67 | K14: 714000 | M14: =IF(SUM(G14:I14)>0,SUM(G14:I14),"") -> 18691516 | N14: =IF(N(C14)+N(M14)>0,N(C14)+N(M14),"") -> 54292616 | O14: =IFERROR(IF(D14>0,C14/D14,""),"") -> 413966.28 | P14: =IFERROR(IF(J14>0,M14/J14,""),"") -> 278977.85 | Q14: =IFERROR(IF(E14>0,D14/E14,""),"")
A15: 46122 | B15: T6 | C15: 48445905 | D15: 110 | G15: 7539002 | H15: 5951849 | I15: 6840998 | J15: 69 | K15: 409001 | M15: =IF(SUM(G15:I15)>0,SUM(G15:I15),"") -> 20331849 | N15: =IF(N(C15)+N(M15)>0,N(C15)+N(M15),"") -> 68777754 | O15: =IFERROR(IF(D15>0,C15/D15,""),"") -> 440417.32 | P15: =IFERROR(IF(J15>0,M15/J15,""),"") -> 294664.48 | Q15: =IFERROR(IF(E15>0,D15/E15,""),"")
A16: 46123 | B16: T7 | C16: 32748555 | D16: 75 | G16: 14371001 | H16: 4038999 | I16: 5318002 | J16: 83 | K16: 2742400 | M16: =IF(SUM(G16:I16)>0,SUM(G16:I16),"") -> 23728002 | N16: =IF(N(C16)+N(M16)>0,N(C16)+N(M16),"") -> 56476557 | O16: =IFERROR(IF(D16>0,C16/D16,""),"") -> 436647.4 | P16: =IFERROR(IF(J16>0,M16/J16,""),"") -> 285879.54 | Q16: =IFERROR(IF(E16>0,D16/E16,""),"")
A17: 46124 | B17: CN | C17: 27581775 | D17: 68 | G17: 16226218 | H17: 4072001 | I17: 3814902 | J17: 69 | K17: 829999 | M17: =IF(SUM(G17:I17)>0,SUM(G17:I17),"") -> 24113121 | N17: =IF(N(C17)+N(M17)>0,N(C17)+N(M17),"") -> 51694896 | O17: =IFERROR(IF(D17>0,C17/D17,""),"") -> 405614.34 | P17: =IFERROR(IF(J17>0,M17/J17,""),"") -> 349465.52 | Q17: =IFERROR(IF(E17>0,D17/E17,""),"")
A18: 46125 | B18: T2 | C18: 43769728 | D18: 91 | G18: 10303247 | H18: 1680001 | I18: 2527099 | J18: 40 | K18: 2582400 | M18: =IF(SUM(G18:I18)>0,SUM(G18:I18),"") -> 14510347 | N18: =IF(N(C18)+N(M18)>0,N(C18)+N(M18),"") -> 58280075 | O18: =IFERROR(IF(D18>0,C18/D18,""),"") -> 480986.02 | P18: =IFERROR(IF(J18>0,M18/J18,""),"") -> 362758.67 | Q18: =IFERROR(IF(E18>0,D18/E18,""),"")
A19: 46126 | B19: T3 | C19: 37294564 | D19: 80 | G19: 13724657 | H19: 2573902 | I19: 3967905 | J19: 55 | K19: 2084611 | M19: =IF(SUM(G19:I19)>0,SUM(G19:I19),"") -> 20266464 | N19: =IF(N(C19)+N(M19)>0,N(C19)+N(M19),"") -> 57561028 | O19: =IFERROR(IF(D19>0,C19/D19,""),"") -> 466182.05 | P19: =IFERROR(IF(J19>0,M19/J19,""),"") -> 368481.16 | Q19: =IFERROR(IF(E19>0,D19/E19,""),"")
A20: 46127 | B20: T4 | C20: 41811237 | D20: 92 | G20: 10083114 | H20: 1940502 | I20: 5556301 | J20: 57 | K20: 400000 | M20: =IF(SUM(G20:I20)>0,SUM(G20:I20),"") -> 17579917 | N20: =IF(N(C20)+N(M20)>0,N(C20)+N(M20),"") -> 59391154 | O20: =IFERROR(IF(D20>0,C20/D20,""),"") -> 454469.97 | P20: =IFERROR(IF(J20>0,M20/J20,""),"") -> 308419.6 | Q20: =IFERROR(IF(E20>0,D20/E20,""),"")
A21: 46128 | B21: T5 | C21: 34108042 | D21: 77 | G21: 12595359 | H21: 2005340 | I21: 5939996 | J21: 52 | K21: 519999 | M21: =IF(SUM(G21:I21)>0,SUM(G21:I21),"") -> 20540695 | N21: =IF(N(C21)+N(M21)>0,N(C21)+N(M21),"") -> 54648737 | O21: =IFERROR(IF(D21>0,C21/D21,""),"") -> 442961.58 | P21: =IFERROR(IF(J21>0,M21/J21,""),"") -> 395013.37 | Q21: =IFERROR(IF(E21>0,D21/E21,""),"")
A22: 46129 | B22: T6 | C22: 41750675 | D22: 95 | G22: 11302255 | H22: 3952903 | I22: 3747501 | J22: 75 | K22: 502400 | M22: =IF(SUM(G22:I22)>0,SUM(G22:I22),"") -> 19002659 | N22: =IF(N(C22)+N(M22)>0,N(C22)+N(M22),"") -> 60753334 | O22: =IFERROR(IF(D22>0,C22/D22,""),"") -> 439480.79 | P22: =IFERROR(IF(J22>0,M22/J22,""),"") -> 253368.79 | Q22: =IFERROR(IF(E22>0,D22/E22,""),"")
A23: 46130 | B23: T7 | C23: 40305861 | D23: 98 | G23: 10944354 | H23: 4883503 | I23: 5477898 | J23: 71 | M23: =IF(SUM(G23:I23)>0,SUM(G23:I23),"") -> 21305755 | N23: =IF(N(C23)+N(M23)>0,N(C23)+N(M23),"") -> 61611616 | O23: =IFERROR(IF(D23>0,C23/D23,""),"") -> 411284.3 | P23: =IFERROR(IF(J23>0,M23/J23,""),"") -> 300081.06 | Q23: =IFERROR(IF(E23>0,D23/E23,""),"")
A24: 46131 | B24: CN | C24: 40803576 | D24: 81 | G24: 13679597 | H24: 2844001 | I24: 5170525 | J24: 64 | K24: 686400 | M24: =IF(SUM(G24:I24)>0,SUM(G24:I24),"") -> 21694123 | N24: =IF(N(C24)+N(M24)>0,N(C24)+N(M24),"") -> 62497699 | O24: =IFERROR(IF(D24>0,C24/D24,""),"") -> 503747.85 | P24: =IFERROR(IF(J24>0,M24/J24,""),"") -> 338970.67 | Q24: =IFERROR(IF(E24>0,D24/E24,""),"")
A25: 46132 | B25: T2 | C25: 42438632 | D25: 78 | G25: 10407616 | H25: 3405004 | I25: 3120902 | J25: 56 | M25: =IF(SUM(G25:I25)>0,SUM(G25:I25),"") -> 16933522 | N25: =IF(N(C25)+N(M25)>0,N(C25)+N(M25),"") -> 59372154 | O25: =IFERROR(IF(D25>0,C25/D25,""),"") -> 544085.03 | P25: =IFERROR(IF(J25>0,M25/J25,""),"") -> 302384.32 | Q25: =IFERROR(IF(E25>0,D25/E25,""),"")
A26: 46133 | B26: T3 | C26: 44615945 | D26: 94 | G26: 25164390 | H26: 4268497 | I26: 6557975 | J26: 73 | K26: 1496429 | M26: =IF(SUM(G26:I26)>0,SUM(G26:I26),"") -> 35990862 | N26: =IF(N(C26)+N(M26)>0,N(C26)+N(M26),"") -> 80606807 | O26: =IFERROR(IF(D26>0,C26/D26,""),"") -> 474637.71 | P26: =IFERROR(IF(J26>0,M26/J26,""),"") -> 493025.51 | Q26: =IFERROR(IF(E26>0,D26/E26,""),"")
A27: 46134 | B27: T4 | C27: 46968036 | D27: 91 | G27: 9925701 | H27: 4895001 | I27: 2419499 | J27: 54 | K27: 1028800 | M27: =IF(SUM(G27:I27)>0,SUM(G27:I27),"") -> 17240201 | N27: =IF(N(C27)+N(M27)>0,N(C27)+N(M27),"") -> 64208237 | O27: =IFERROR(IF(D27>0,C27/D27,""),"") -> 516132.26 | P27: =IFERROR(IF(J27>0,M27/J27,""),"") -> 319262.98 | Q27: =IFERROR(IF(E27>0,D27/E27,""),"")
A28: 46135 | B28: T5 | C28: 48506914 | D28: 99 | G28: 12962706 | H28: 5777007 | I28: 4969909 | J28: 82 | K28: 1828800 | M28: =IF(SUM(G28:I28)>0,SUM(G28:I28),"") -> 23709622 | N28: =IF(N(C28)+N(M28)>0,N(C28)+N(M28),"") -> 72216536 | O28: =IFERROR(IF(D28>0,C28/D28,""),"") -> 489968.83 | P28: =IFERROR(IF(J28>0,M28/J28,""),"") -> 289141.73 | Q28: =IFERROR(IF(E28>0,D28/E28,""),"")
A29: 46136 | B29: T6 | C29: 44193675 | D29: 102 | G29: 14004011 | H29: 5472501 | I29: 8106499 | J29: 90 | K29: 1142400 | M29: =IF(SUM(G29:I29)>0,SUM(G29:I29),"") -> 27583011 | N29: =IF(N(C29)+N(M29)>0,N(C29)+N(M29),"") -> 71776686 | O29: =IFERROR(IF(D29>0,C29/D29,""),"") -> 433271.32 | P29: =IFERROR(IF(J29>0,M29/J29,""),"") -> 306477.9 | Q29: =IFERROR(IF(E29>0,D29/E29,""),"")
A30: 46137 | B30: T7 | C30: 47978218 | D30: 108 | G30: 10855847 | H30: 6140000 | I30: 5182513 | J30: 86 | K30: 1151222 | M30: =IF(SUM(G30:I30)>0,SUM(G30:I30),"") -> 22178360 | N30: =IF(N(C30)+N(M30)>0,N(C30)+N(M30),"") -> 70156578 | O30: =IFERROR(IF(D30>0,C30/D30,""),"") -> 444242.76 | P30: =IFERROR(IF(J30>0,M30/J30,""),"") -> 257887.91 | Q30: =IFERROR(IF(E30>0,D30/E30,""),"")
A31: 46138 | B31: CN | C31: 24146432 | D31: 56 | G31: 12397157 | H31: 3882898 | J31: 49 | M31: =IF(SUM(G31:I31)>0,SUM(G31:I31),"") -> 16280055 | N31: =IF(N(C31)+N(M31)>0,N(C31)+N(M31),"") -> 40426487 | O31: =IFERROR(IF(D31>0,C31/D31,""),"") -> 431186.29 | P31: =IFERROR(IF(J31>0,M31/J31,""),"") -> 332246.02 | Q31: =IFERROR(IF(E31>0,D31/E31,""),"")
A32: 46139 | B32: T2 | C32: 30229599 | D32: 69 | G32: 12240260 | H32: 1611001 | I32: 4888503 | J32: 58 | K32: 509259 | M32: =IF(SUM(G32:I32)>0,SUM(G32:I32),"") -> 18739764 | N32: =IF(N(C32)+N(M32)>0,N(C32)+N(M32),"") -> 48969363 | O32: =IFERROR(IF(D32>0,C32/D32,""),"") -> 438110.13 | P32: =IFERROR(IF(J32>0,M32/J32,""),"") -> 323099.38 | Q32: =IFERROR(IF(E32>0,D32/E32,""),"")
A33: 46140 | B33: T3 | C33: 41597705 | D33: 95 | G33: 8980101 | H33: 6387498 | I33: 3913502 | J33: 69 | M33: =IF(SUM(G33:I33)>0,SUM(G33:I33),"") -> 19281101 | N33: =IF(N(C33)+N(M33)>0,N(C33)+N(M33),"") -> 60878806 | O33: =IFERROR(IF(D33>0,C33/D33,""),"") -> 437870.58 | P33: =IFERROR(IF(J33>0,M33/J33,""),"") -> 279436.25 | Q33: =IFERROR(IF(E33>0,D33/E33,""),"")
A34: 46141 | B34: T4 | C34: 43139466 | D34: 92 | G34: 14280514 | H34: 5334499 | I34: 2967001 | J34: 62 | M34: =IF(SUM(G34:I34)>0,SUM(G34:I34),"") -> 22582014 | N34: =IF(N(C34)+N(M34)>0,N(C34)+N(M34),"") -> 65721480 | O34: =IFERROR(IF(D34>0,C34/D34,""),"") -> 468907.24 | P34: =IFERROR(IF(J34>0,M34/J34,""),"") -> 364226.03 | Q34: =IFERROR(IF(E34>0,D34/E34,""),"")
A35: 46142 | B35: T5 | C35: 38811455 | D35: 89 | G35: 6364498 | H35: 3359003 | J35: 35 | K35: 380000 | M35: =IF(SUM(G35:I35)>0,SUM(G35:I35),"") -> 9723501 | N35: =IF(N(C35)+N(M35)>0,N(C35)+N(M35),"") -> 48534956 | O35: =IFERROR(IF(D35>0,C35/D35,""),"") -> 436083.76 | P35: =IFERROR(IF(J35>0,M35/J35,""),"") -> 277814.31 | Q35: =IFERROR(IF(E35>0,D35/E35,""),"")

Sheet 📅 DAILY T5-26
A1: DAILY INPUT • THÁNG 5/2026 • CARASE FB & STORE
A2: 🟡 Ô VÀNG = Team điền mỗi ngày | 🟢 Ô XANH = Tự tính | Deadline 22:00
A3: 📅 THỜI GIAN | C3: 📱 FACEBOOK | E3: 📢 ADS | G3: 🏪 STORE | K3: 👓 O3 | L3: 📝 | M3: 📊 AUTO | O3: 📊 AUTO | Q3: 📊
A4: Ngày | B4: T | C4: DT FB (đ) | D4: Đơn FB | E4: CMT+IB (Vpage) | F4: CP Ads (đ) | G4: DT NDC (đ) | H4: DT PH (đ) | I4: DT NGT (đ) | J4: Đơn Store | K4: DT O3 (đ) | L4: Ghi chú | M4: DT Store (=G+H+I) | N4: DT Total (=FB+Store) | O4: AOV FB (C/D) | P4: AOV Store (M/J) | Q4: CR% (D/E)
A5: TARGET/THÁNG
A6: 46143 | B6: T6 | C6: 26448193 | D6: 62 | G6: 11333596 | H6: 2048998 | J6: 42 | M6: =IF(SUM(G6:I6)>0,SUM(G6:I6),"") -> 13382594 | N6: =IF(N(C6)+N(M6)>0,N(C6)+N(M6),"") -> 39830787 | O6: =IFERROR(IF(D6>0,C6/D6,""),"") -> 426583.76 | P6: =IFERROR(IF(J6>0,M6/J6,""),"") -> 318633.19 | Q6: =IFERROR(IF(E6>0,D6/E6,""),"")
A7: 46144 | B7: T7 | C7: 29385536 | D7: 48 | G7: 4326200 | H7: 4097999 | I7: 3458002 | J7: 40 | M7: =IF(SUM(G7:I7)>0,SUM(G7:I7),"") -> 11882201 | N7: =IF(N(C7)+N(M7)>0,N(C7)+N(M7),"") -> 41267737 | O7: =IFERROR(IF(D7>0,C7/D7,""),"") -> 612198.67 | P7: =IFERROR(IF(J7>0,M7/J7,""),"") -> 297055.03 | Q7: =IFERROR(IF(E7>0,D7/E7,""),"")
A8: 46145 | B8: CN | C8: 21512516 | D8: 49 | G8: 9745104 | H8: 4637006 | I8: 5008005 | J8: 56 | M8: =IF(SUM(G8:I8)>0,SUM(G8:I8),"") -> 19390115 | N8: =IF(N(C8)+N(M8)>0,N(C8)+N(M8),"") -> 40902631 | O8: =IFERROR(IF(D8>0,C8/D8,""),"") -> 439030.94 | P8: =IFERROR(IF(J8>0,M8/J8,""),"") -> 346252.05 | Q8: =IFERROR(IF(E8>0,D8/E8,""),"")
A9: 46146 | B9: T2 | C9: 35395609 | D9: 71 | G9: 4553505 | H9: 6019488 | I9: 2275000 | J9: 39 | K9: 2857372 | M9: =IF(SUM(G9:I9)>0,SUM(G9:I9),"") -> 12847993 | N9: =IF(N(C9)+N(M9)>0,N(C9)+N(M9),"") -> 48243602 | O9: =IFERROR(IF(D9>0,C9/D9,""),"") -> 498529.7 | P9: =IFERROR(IF(J9>0,M9/J9,""),"") -> 329435.72 | Q9: =IFERROR(IF(E9>0,D9/E9,""),"")
A10: 46147 | B10: T3 | C10: 26552335 | D10: 64 | G10: 6107505 | H10: 3698496 | I10: 2642994 | J10: 41 | K10: 1028800 | M10: =IF(SUM(G10:I10)>0,SUM(G10:I10),"") -> 12448995 | N10: =IF(N(C10)+N(M10)>0,N(C10)+N(M10),"") -> 39001330 | O10: =IFERROR(IF(D10>0,C10/D10,""),"") -> 414880.23 | P10: =IFERROR(IF(J10>0,M10/J10,""),"") -> 303634.02 | Q10: =IFERROR(IF(E10>0,D10/E10,""),"")
A11: 46148 | B11: T4 | C11: 40661908 | D11: 88 | G11: 12843001 | H11: 3602000 | I11: 4095501 | J11: 62 | K11: 1695466 | M11: =IF(SUM(G11:I11)>0,SUM(G11:I11),"") -> 20540502 | N11: =IF(N(C11)+N(M11)>0,N(C11)+N(M11),"") -> 61202410 | O11: =IFERROR(IF(D11>0,C11/D11,""),"") -> 462067.14 | P11: =IFERROR(IF(J11>0,M11/J11,""),"") -> 331298.42 | Q11: =IFERROR(IF(E11>0,D11/E11,""),"")
A12: 46149 | B12: T5 | C12: 43871216 | D12: 105 | G12: 17461257 | H12: 3504499 | I12: 4951399 | J12: 81 | K12: 259259 | M12: =IF(SUM(G12:I12)>0,SUM(G12:I12),"") -> 25917155 | N12: =IF(N(C12)+N(M12)>0,N(C12)+N(M12),"") -> 69788371 | O12: =IFERROR(IF(D12>0,C12/D12,""),"") -> 417821.1 | P12: =IFERROR(IF(J12>0,M12/J12,""),"") -> 319964.88 | Q12: =IFERROR(IF(E12>0,D12/E12,""),"")
A13: 46150 | B13: T6 | C13: 40833963 | D13: 107 | G13: 11082505 | H13: 3137001 | I13: 4316401 | J13: 65 | M13: =IF(SUM(G13:I13)>0,SUM(G13:I13),"") -> 18535907 | N13: =IF(N(C13)+N(M13)>0,N(C13)+N(M13),"") -> 59369870 | O13: =IFERROR(IF(D13>0,C13/D13,""),"") -> 381625.82 | P13: =IFERROR(IF(J13>0,M13/J13,""),"") -> 285167.8 | Q13: =IFERROR(IF(E13>0,D13/E13,""),"")
A14: 46151 | B14: T7 | C14: 34559573 | D14: 80 | G14: 8960511 | H14: 4466502 | I14: 6676516 | J14: 75 | K14: 289000 | M14: =IF(SUM(G14:I14)>0,SUM(G14:I14),"") -> 20103529 | N14: =IF(N(C14)+N(M14)>0,N(C14)+N(M14),"") -> 54663102 | O14: =IFERROR(IF(D14>0,C14/D14,""),"") -> 431994.66 | P14: =IFERROR(IF(J14>0,M14/J14,""),"") -> 268047.05 | Q14: =IFERROR(IF(E14>0,D14/E14,""),"")
A15: 46152 | B15: CN | C15: 33781541 | D15: 71 | G15: 10664487 | H15: 8145747 | I15: 5464624 | J15: 77 | M15: =IF(SUM(G15:I15)>0,SUM(G15:I15),"") -> 24274858 | N15: =IF(N(C15)+N(M15)>0,N(C15)+N(M15),"") -> 58056399 | O15: =IFERROR(IF(D15>0,C15/D15,""),"") -> 475796.35 | P15: =IFERROR(IF(J15>0,M15/J15,""),"") -> 315257.9 | Q15: =IFERROR(IF(E15>0,D15/E15,""),"")
A16: 46153 | B16: T2 | C16: 41717735 | D16: 90 | G16: 10255009 | H16: 2115000 | I16: 4446002 | J16: 53 | K16: 543000 | M16: =IF(SUM(G16:I16)>0,SUM(G16:I16),"") -> 16816011 | N16: =IF(N(C16)+N(M16)>0,N(C16)+N(M16),"") -> 58533746 | O16: =IFERROR(IF(D16>0,C16/D16,""),"") -> 463530.39 | P16: =IFERROR(IF(J16>0,M16/J16,""),"") -> 317283.23 | Q16: =IFERROR(IF(E16>0,D16/E16,""),"")
A17: 46154 | B17: T3 | C17: 33983603 | D17: 84 | G17: 9741504 | H17: 1479004 | I17: 3181402 | J17: 50 | K17: 259259 | M17: =IF(SUM(G17:I17)>0,SUM(G17:I17),"") -> 14401910 | N17: =IF(N(C17)+N(M17)>0,N(C17)+N(M17),"") -> 48385513 | O17: =IFERROR(IF(D17>0,C17/D17,""),"") -> 404566.7 | P17: =IFERROR(IF(J17>0,M17/J17,""),"") -> 288038.2 | Q17: =IFERROR(IF(E17>0,D17/E17,""),"")
A18: 46155 | B18: T4 | C18: 31933951 | D18: 73 | G18: 6135006 | H18: 5499254 | I18: 2501003 | J18: 41 | M18: =IF(SUM(G18:I18)>0,SUM(G18:I18),"") -> 14135263 | N18: =IF(N(C18)+N(M18)>0,N(C18)+N(M18),"") -> 46069214 | O18: =IFERROR(IF(D18>0,C18/D18,""),"") -> 437451.38 | P18: =IFERROR(IF(J18>0,M18/J18,""),"") -> 344762.51 | Q18: =IFERROR(IF(E18>0,D18/E18,""),"")
A19: 46156 | B19: T5 | C19: 33173717 | D19: 78 | G19: 7934004 | H19: 6887007 | I19: 2356001 | J19: 60 | K19: 1896000 | M19: =IF(SUM(G19:I19)>0,SUM(G19:I19),"") -> 17177012 | N19: =IF(N(C19)+N(M19)>0,N(C19)+N(M19),"") -> 50350729 | O19: =IFERROR(IF(D19>0,C19/D19,""),"") -> 425304.06 | P19: =IFERROR(IF(J19>0,M19/J19,""),"") -> 286283.53 | Q19: =IFERROR(IF(E19>0,D19/E19,""),"")
A20: 46157 | B20: T6 | C20: 38712449 | D20: 88 | G20: 8501256 | H20: 4542500 | I20: 4664003 | J20: 72 | K20: 200000 | M20: =IF(SUM(G20:I20)>0,SUM(G20:I20),"") -> 17707759 | N20: =IF(N(C20)+N(M20)>0,N(C20)+N(M20),"") -> 56420208 | O20: =IFERROR(IF(D20>0,C20/D20,""),"") -> 439914.19 | P20: =IFERROR(IF(J20>0,M20/J20,""),"") -> 245941.1 | Q20: =IFERROR(IF(E20>0,D20/E20,""),"")
A21: 46158 | B21: T7 | C21: 45056706 | D21: 102 | G21: 8882502 | H21: 5587106 | I21: 3272501 | J21: 59 | K21: 280000 | M21: =IF(SUM(G21:I21)>0,SUM(G21:I21),"") -> 17742109 | N21: =IF(N(C21)+N(M21)>0,N(C21)+N(M21),"") -> 62798815 | O21: =IFERROR(IF(D21>0,C21/D21,""),"") -> 441732.41 | P21: =IFERROR(IF(J21>0,M21/J21,""),"") -> 300713.71 | Q21: =IFERROR(IF(E21>0,D21/E21,""),"")
A22: 46159 | B22: CN | C22: 32457528 | D22: 67 | G22: 7765007 | H22: 2848999 | I22: 3090499 | J22: 53 | K22: 249999 | M22: =IF(SUM(G22:I22)>0,SUM(G22:I22),"") -> 13704505 | N22: =IF(N(C22)+N(M22)>0,N(C22)+N(M22),"") -> 46162033 | O22: =IFERROR(IF(D22>0,C22/D22,""),"") -> 484440.72 | P22: =IFERROR(IF(J22>0,M22/J22,""),"") -> 258575.57 | Q22: =IFERROR(IF(E22>0,D22/E22,""),"")
A23: 46160 | B23: T2 | C23: 39407260 | D23: 88 | G23: 5223503 | H23: 1822002 | I23: 2777998 | J23: 33 | K23: 2610686 | M23: =IF(SUM(G23:I23)>0,SUM(G23:I23),"") -> 9823503 | N23: =IF(N(C23)+N(M23)>0,N(C23)+N(M23),"") -> 49230763 | O23: =IFERROR(IF(D23>0,C23/D23,""),"") -> 447809.77 | P23: =IFERROR(IF(J23>0,M23/J23,""),"") -> 297681.91 | Q23: =IFERROR(IF(E23>0,D23/E23,""),"")
A24: 46161 | B24: T3 | C24: 39406593 | D24: 75 | G24: 9799008 | H24: 1269504 | I24: 3404502 | J24: 45 | K24: 1936000 | M24: =IF(SUM(G24:I24)>0,SUM(G24:I24),"") -> 14473014 | N24: =IF(N(C24)+N(M24)>0,N(C24)+N(M24),"") -> 53879607 | O24: =IFERROR(IF(D24>0,C24/D24,""),"") -> 525421.24 | P24: =IFERROR(IF(J24>0,M24/J24,""),"") -> 321622.53 | Q24: =IFERROR(IF(E24>0,D24/E24,""),"")
A25: 46162 | B25: T4 | C25: 43472649 | D25: 98 | G25: 4599500 | H25: 6359500 | I25: 3839000 | J25: 51 | K25: 2261258 | M25: =IF(SUM(G25:I25)>0,SUM(G25:I25),"") -> 14798000 | N25: =IF(N(C25)+N(M25)>0,N(C25)+N(M25),"") -> 58270649 | O25: =IFERROR(IF(D25>0,C25/D25,""),"") -> 443598.46 | P25: =IFERROR(IF(J25>0,M25/J25,""),"") -> 290156.86 | Q25: =IFERROR(IF(E25>0,D25/E25,""),"")
A26: 46163 | B26: T5 | C26: 39772317 | D26: 88 | G26: 8231500 | H26: 9556005 | I26: 4731502 | J26: 86 | K26: 350000 | M26: =IF(SUM(G26:I26)>0,SUM(G26:I26),"") -> 22519007 | N26: =IF(N(C26)+N(M26)>0,N(C26)+N(M26),"") -> 62291324 | O26: =IFERROR(IF(D26>0,C26/D26,""),"") -> 451958.15 | P26: =IFERROR(IF(J26>0,M26/J26,""),"") -> 261848.92 | Q26: =IFERROR(IF(E26>0,D26/E26,""),"")
A27: 46164 | B27: T6 | C27: 44106651 | D27: 106 | G27: 5913500 | H27: 3844499 | I27: 3693000 | J27: 64 | K27: 370370 | M27: =IF(SUM(G27:I27)>0,SUM(G27:I27),"") -> 13450999 | N27: =IF(N(C27)+N(M27)>0,N(C27)+N(M27),"") -> 57557650 | O27: =IFERROR(IF(D27>0,C27/D27,""),"") -> 416100.48 | P27: =IFERROR(IF(J27>0,M27/J27,""),"") -> 210171.86 | Q27: =IFERROR(IF(E27>0,D27/E27,""),"")
A28: 46165 | B28: T7 | C28: 35900031 | D28: 84 | G28: 10370253 | H28: 3410502 | I28: 3414502 | J28: 60 | K28: 1028572 | M28: =IF(SUM(G28:I28)>0,SUM(G28:I28),"") -> 17195257 | N28: =IF(N(C28)+N(M28)>0,N(C28)+N(M28),"") -> 53095288 | O28: =IFERROR(IF(D28>0,C28/D28,""),"") -> 427381.32 | P28: =IFERROR(IF(J28>0,M28/J28,""),"") -> 286587.62 | Q28: =IFERROR(IF(E28>0,D28/E28,""),"")
A29: 46166 | B29: CN | C29: 28293572 | D29: 70 | G29: 11182065 | H29: 5467001 | I29: 4921994 | J29: 71 | M29: =IF(SUM(G29:I29)>0,SUM(G29:I29),"") -> 21571060 | N29: =IF(N(C29)+N(M29)>0,N(C29)+N(M29),"") -> 49864632 | O29: =IFERROR(IF(D29>0,C29/D29,""),"") -> 404193.89 | P29: =IFERROR(IF(J29>0,M29/J29,""),"") -> 303817.75 | Q29: =IFERROR(IF(E29>0,D29/E29,""),"")
A30: 46167 | B30: T2 | C30: 33749048 | D30: 75 | G30: 6839505 | H30: 2009001 | I30: 1983001 | J30: 35 | K30: 1531200 | M30: =IF(SUM(G30:I30)>0,SUM(G30:I30),"") -> 10831507 | N30: =IF(N(C30)+N(M30)>0,N(C30)+N(M30),"") -> 44580555 | O30: =IFERROR(IF(D30>0,C30/D30,""),"") -> 449987.31 | P30: =IFERROR(IF(J30>0,M30/J30,""),"") -> 309471.63 | Q30: =IFERROR(IF(E30>0,D30/E30,""),"")
A31: 46168 | B31: T3 | C31: 31441281 | D31: 66 | G31: 10033510 | H31: 1421002 | I31: 2722000 | J31: 39 | M31: =IF(SUM(G31:I31)>0,SUM(G31:I31),"") -> 14176512 | N31: =IF(N(C31)+N(M31)>0,N(C31)+N(M31),"") -> 45617793 | O31: =IFERROR(IF(D31>0,C31/D31,""),"") -> 476383.05 | P31: =IFERROR(IF(J31>0,M31/J31,""),"") -> 363500.31 | Q31: =IFERROR(IF(E31>0,D31/E31,""),"")
A32: 46169 | B32: T4 | C32: 30667303 | D32: 77 | G32: 6756507 | H32: 1873003 | I32: 3070501 | J32: 41 | M32: =IF(SUM(G32:I32)>0,SUM(G32:I32),"") -> 11700011 | N32: =IF(N(C32)+N(M32)>0,N(C32)+N(M32),"") -> 42367314 | O32: =IFERROR(IF(D32>0,C32/D32,""),"") -> 398276.66 | P32: =IFERROR(IF(J32>0,M32/J32,""),"") -> 285366.12 | Q32: =IFERROR(IF(E32>0,D32/E32,""),"")
A33: 46170 | B33: T5 | C33: 39578601 | D33: 95 | G33: 5816000 | H33: 2652504 | I33: 3292498 | J33: 45 | K33: 1028800 | M33: =IF(SUM(G33:I33)>0,SUM(G33:I33),"") -> 11761002 | N33: =IF(N(C33)+N(M33)>0,N(C33)+N(M33),"") -> 51339603 | O33: =IFERROR(IF(D33>0,C33/D33,""),"") -> 416616.85 | P33: =IFERROR(IF(J33>0,M33/J33,""),"") -> 261355.6 | Q33: =IFERROR(IF(E33>0,D33/E33,""),"")
A34: 46171 | B34: T6 | C34: 40559010 | D34: 94 | G34: 9073004 | H34: 3908503 | I34: 2813501 | J34: 54 | M34: =IF(SUM(G34:I34)>0,SUM(G34:I34),"") -> 15795008 | N34: =IF(N(C34)+N(M34)>0,N(C34)+N(M34),"") -> 56354018 | O34: =IFERROR(IF(D34>0,C34/D34,""),"") -> 431478.83 | P34: =IFERROR(IF(J34>0,M34/J34,""),"") -> 292500.15 | Q34: =IFERROR(IF(E34>0,D34/E34,""),"")
A35: 46172 | B35: T7 | C35: 39113532 | D35: 92 | G35: 9234509 | H35: 4282501 | I35: 3932500 | J35: 68 | M35: =IF(SUM(G35:I35)>0,SUM(G35:I35),"") -> 17449510 | N35: =IF(N(C35)+N(M35)>0,N(C35)+N(M35),"") -> 56563042 | O35: =IFERROR(IF(D35>0,C35/D35,""),"") -> 425147.09 | P35: =IFERROR(IF(J35>0,M35/J35,""),"") -> 256610.44 | Q35: =IFERROR(IF(E35>0,D35/E35,""),"")
A36: 46173 | B36: CN | C36: 35355824 | D36: 77 | G36: 7227506 | H36: 4850753 | I36: 5554004 | J36: 60 | M36: =IF(SUM(G36:I36)>0,SUM(G36:I36),"") -> 17632263 | N36: =IF(N(C36)+N(M36)>0,N(C36)+N(M36),"") -> 52988087 | O36: =IFERROR(IF(D36>0,C36/D36,""),"") -> 459166.55 | P36: =IFERROR(IF(J36>0,M36/J36,""),"") -> 293871.05 | Q36: =IFERROR(IF(E36>0,D36/E36,""),"")

Sheet 📅 DAILY T6
A1: DAILY INPUT • THÁNG 6/2026 • CARASE FB & STORE
A2: 🟡 Ô VÀNG = Team điền mỗi ngày | 🟢 Ô XANH = Tự tính | Deadline 22:00
A3: 📅 THỜI GIAN | C3: 📱 FACEBOOK | E3: 📢 ADS | G3: 🏪 STORE | K3: 👓 O3 | L3: 📝 | M3: 📊 AUTO | O3: 📊 AUTO | Q3: 📊
A4: Ngày | B4: T | C4: DT FB (đ) | D4: Đơn FB | E4: CMT+IB (Vpage) | F4: CP Ads (đ) | G4: DT NDC (đ) | H4: DT PH (đ) | I4: DT NGT (đ) | J4: Đơn Store | K4: DT O3 (đ) | L4: Ghi chú | M4: DT Store (=G+H+I) | N4: DT Total (=FB+Store) | O4: AOV FB (C/D) | P4: AOV Store (M/J) | Q4: CR% (D/E)
A5: TARGET/THÁNG | C5: 1149763530 | G5: 296326827 | H5: 202633626 | I5: 115735977 | M5: 614696430 | N5: 1764459960 | O5: 450000 | P5: 330000
A6: 46174 | B6: T2 | C6: 45107806 | D6: 98 | G6: 6767007 | H6: 3596508 | I6: 2887199 | J6: 44 | K6: 687037 | M6: =IF(SUM(G6:I6)>0,SUM(G6:I6),"") -> 13250714 | N6: =IF(N(C6)+N(M6)>0,N(C6)+N(M6),"") -> 58358520 | O6: =IFERROR(IF(D6>0,C6/D6,""),"") -> 460283.73 | P6: =IFERROR(IF(J6>0,M6/J6,""),"") -> 301152.59 | Q6: =IFERROR(IF(E6>0,D6/E6,""),"")
A7: 46175 | B7: T3 | C7: 32694802 | D7: 67 | G7: 4259006 | H7: 3072003 | I7: 6150503 | J7: 43 | K7: 324074 | M7: =IF(SUM(G7:I7)>0,SUM(G7:I7),"") -> 13481512 | N7: =IF(N(C7)+N(M7)>0,N(C7)+N(M7),"") -> 46176314 | O7: =IFERROR(IF(D7>0,C7/D7,""),"") -> 487982.12 | P7: =IFERROR(IF(J7>0,M7/J7,""),"") -> 313523.53 | Q7: =IFERROR(IF(E7>0,D7/E7,""),"")
A8: 46176 | B8: T4 | C8: 36993477 | D8: 89 | G8: 8799511 | H8: 1862000 | I8: 3738504 | J8: 48 | K8: 259259 | M8: =IF(SUM(G8:I8)>0,SUM(G8:I8),"") -> 14400015 | N8: =IF(N(C8)+N(M8)>0,N(C8)+N(M8),"") -> 51393492 | O8: =IFERROR(IF(D8>0,C8/D8,""),"") -> 415657.04 | P8: =IFERROR(IF(J8>0,M8/J8,""),"") -> 300000.31 | Q8: =IFERROR(IF(E8>0,D8/E8,""),"")
A9: 46177 | B9: T5 | C9: 36154516 | D9: 84 | G9: 9745005 | H9: 5478499 | I9: 4638009 | J9: 60 | M9: =IF(SUM(G9:I9)>0,SUM(G9:I9),"") -> 19861513 | N9: =IF(N(C9)+N(M9)>0,N(C9)+N(M9),"") -> 56016029 | O9: =IFERROR(IF(D9>0,C9/D9,""),"") -> 430410.9 | P9: =IFERROR(IF(J9>0,M9/J9,""),"") -> 331025.22 | Q9: =IFERROR(IF(E9>0,D9/E9,""),"")
A10: 46178 | B10: T6 | C10: 31950186 | D10: 76 | G10: 12953499 | H10: 3054750 | I10: 5426001 | J10: 69 | K10: 1644800 | M10: =IF(SUM(G10:I10)>0,SUM(G10:I10),"") -> 21434250 | N10: =IF(N(C10)+N(M10)>0,N(C10)+N(M10),"") -> 53384436 | O10: =IFERROR(IF(D10>0,C10/D10,""),"") -> 420397.18 | P10: =IFERROR(IF(J10>0,M10/J10,""),"") -> 310641.3 | Q10: =IFERROR(IF(E10>0,D10/E10,""),"")
A11: 46179 | B11: T7 | C11: 36088690 | D11: 83 | G11: 9757501 | H11: 5894250 | I11: 4723999 | J11: 74 | K11: 450000 | M11: =IF(SUM(G11:I11)>0,SUM(G11:I11),"") -> 20375750 | N11: =IF(N(C11)+N(M11)>0,N(C11)+N(M11),"") -> 56464440 | O11: =IFERROR(IF(D11>0,C11/D11,""),"") -> 434803.49 | P11: =IFERROR(IF(J11>0,M11/J11,""),"") -> 275347.97 | Q11: =IFERROR(IF(E11>0,D11/E11,""),"")
A12: 46180 | B12: CN | C12: 26475036 | D12: 65 | G12: 10669504 | H12: 3797504 | I12: 7983209 | J12: 69 | K12: 464700 | M12: =IF(SUM(G12:I12)>0,SUM(G12:I12),"") -> 22450217 | N12: =IF(N(C12)+N(M12)>0,N(C12)+N(M12),"") -> 48925253 | O12: =IFERROR(IF(D12>0,C12/D12,""),"") -> 407308.25 | P12: =IFERROR(IF(J12>0,M12/J12,""),"") -> 325365.46 | Q12: =IFERROR(IF(E12>0,D12/E12,""),"")
A13: 46181 | B13: T2 | C13: 37366494 | D13: 77 | G13: 6963251 | H13: 4895998 | I13: 4444501 | J13: 40 | K13: 500001 | M13: =IF(SUM(G13:I13)>0,SUM(G13:I13),"") -> 16303750 | N13: =IF(N(C13)+N(M13)>0,N(C13)+N(M13),"") -> 53670244 | O13: =IFERROR(IF(D13>0,C13/D13,""),"") -> 485279.14 | P13: =IFERROR(IF(J13>0,M13/J13,""),"") -> 407593.75 | Q13: =IFERROR(IF(E13>0,D13/E13,""),"")
A14: 46182 | B14: T3 | C14: 32556501 | D14: 78 | G14: 5794398 | H14: 3027007 | I14: 2752999 | J14: 41 | K14: 3360458 | M14: =IF(SUM(G14:I14)>0,SUM(G14:I14),"") -> 11574404 | N14: =IF(N(C14)+N(M14)>0,N(C14)+N(M14),"") -> 44130905 | O14: =IFERROR(IF(D14>0,C14/D14,""),"") -> 417391.04 | P14: =IFERROR(IF(J14>0,M14/J14,""),"") -> 282302.54 | Q14: =IFERROR(IF(E14>0,D14/E14,""),"")
A15: 46183 | B15: T4 | C15: 35076777 | D15: 78 | G15: 5953000 | H15: 6386501 | I15: 3655000 | J15: 54 | M15: =IF(SUM(G15:I15)>0,SUM(G15:I15),"") -> 15994501 | N15: =IF(N(C15)+N(M15)>0,N(C15)+N(M15),"") -> 51071278 | O15: =IFERROR(IF(D15>0,C15/D15,""),"") -> 449702.27 | P15: =IFERROR(IF(J15>0,M15/J15,""),"") -> 296194.46 | Q15: =IFERROR(IF(E15>0,D15/E15,""),"")
A16: 46184 | B16: T5 | C16: 38982670 | D16: 93 | G16: 4152001 | H16: 6902001 | I16: 4139000 | J16: 41 | M16: =IF(SUM(G16:I16)>0,SUM(G16:I16),"") -> 15193002 | N16: =IF(N(C16)+N(M16)>0,N(C16)+N(M16),"") -> 54175672 | O16: =IFERROR(IF(D16>0,C16/D16,""),"") -> 419168.49 | P16: =IFERROR(IF(J16>0,M16/J16,""),"") -> 370561.02 | Q16: =IFERROR(IF(E16>0,D16/E16,""),"")
A17: 46185 | B17: T6 | C17: 38728177 | D17: 91 | G17: 12255008 | H17: 2257002 | I17: 4691505 | J17: 67 | K17: 1028800 | M17: =IF(SUM(G17:I17)>0,SUM(G17:I17),"") -> 19203515 | N17: =IF(N(C17)+N(M17)>0,N(C17)+N(M17),"") -> 57931692 | O17: =IFERROR(IF(D17>0,C17/D17,""),"") -> 425584.36 | P17: =IFERROR(IF(J17>0,M17/J17,""),"") -> 286619.63 | Q17: =IFERROR(IF(E17>0,D17/E17,""),"")
A18: 46186 | B18: T7 | C18: 31497793 | D18: 83 | G18: 11464504 | H18: 7201257 | I18: 6032008 | J18: 92 | K18: 247224 | M18: =IF(SUM(G18:I18)>0,SUM(G18:I18),"") -> 24697769 | N18: =IF(N(C18)+N(M18)>0,N(C18)+N(M18),"") -> 56195562 | O18: =IFERROR(IF(D18>0,C18/D18,""),"") -> 379491.48 | P18: =IFERROR(IF(J18>0,M18/J18,""),"") -> 268454.01 | Q18: =IFERROR(IF(E18>0,D18/E18,""),"")
A19: 46187 | B19: CN | C19: 28744795 | D19: 66 | G19: 13214251 | H19: 5159002 | I19: 3576999 | J19: 62 | K19: 1325096 | M19: =IF(SUM(G19:I19)>0,SUM(G19:I19),"") -> 21950252 | N19: =IF(N(C19)+N(M19)>0,N(C19)+N(M19),"") -> 50695047 | O19: =IFERROR(IF(D19>0,C19/D19,""),"") -> 435527.2 | P19: =IFERROR(IF(J19>0,M19/J19,""),"") -> 354036.32 | Q19: =IFERROR(IF(E19>0,D19/E19,""),"")
A20: 46188 | B20: T2 | C20: 43171287 | D20: 108 | G20: 5703750 | H20: 5266005 | I20: 2257998 | J20: 36 | K20: 1428800 | M20: =IF(SUM(G20:I20)>0,SUM(G20:I20),"") -> 13227753 | N20: =IF(N(C20)+N(M20)>0,N(C20)+N(M20),"") -> 56399040 | O20: =IFERROR(IF(D20>0,C20/D20,""),"") -> 399734.14 | P20: =IFERROR(IF(J20>0,M20/J20,""),"") -> 367437.58 | Q20: =IFERROR(IF(E20>0,D20/E20,""),"")
A21: 46189 | B21: T3 | C21: 46580087 | D21: 111 | G21: 8659502 | H21: 2660002 | I21: 5711999 | J21: 55 | K21: 1936000 | M21: =IF(SUM(G21:I21)>0,SUM(G21:I21),"") -> 17031503 | N21: =IF(N(C21)+N(M21)>0,N(C21)+N(M21),"") -> 63611590 | O21: =IFERROR(IF(D21>0,C21/D21,""),"") -> 419640.42 | P21: =IFERROR(IF(J21>0,M21/J21,""),"") -> 309663.69 | Q21: =IFERROR(IF(E21>0,D21/E21,""),"")
A22: 46190 | B22: T4 | C22: 43863858 | D22: 101 | G22: 7292002 | H22: 3709999 | I22: 2986701 | J22: 51 | K22: 686400 | M22: =IF(SUM(G22:I22)>0,SUM(G22:I22),"") -> 13988702 | N22: =IF(N(C22)+N(M22)>0,N(C22)+N(M22),"") -> 57852560 | O22: =IFERROR(IF(D22>0,C22/D22,""),"") -> 434295.62 | P22: =IFERROR(IF(J22>0,M22/J22,""),"") -> 274288.27 | Q22: =IFERROR(IF(E22>0,D22/E22,""),"")
A23: 46191 | B23: T5 | C23: 50451089 | D23: 116 | G23: 6905755 | H23: 7952503 | I23: 3556500 | J23: 51 | M23: =IF(SUM(G23:I23)>0,SUM(G23:I23),"") -> 18414758 | N23: =IF(N(C23)+N(M23)>0,N(C23)+N(M23),"") -> 68865847 | O23: =IFERROR(IF(D23>0,C23/D23,""),"") -> 434923.18 | P23: =IFERROR(IF(J23>0,M23/J23,""),"") -> 361073.69 | Q23: =IFERROR(IF(E23>0,D23/E23,""),"")
A24: 46192 | B24: T6 | C24: 46483315 | D24: 104 | G24: 10739751 | H24: 4609999 | I24: 5580499 | J24: 66 | K24: 2124867 | M24: =IF(SUM(G24:I24)>0,SUM(G24:I24),"") -> 20930249 | N24: =IF(N(C24)+N(M24)>0,N(C24)+N(M24),"") -> 67413564 | O24: =IFERROR(IF(D24>0,C24/D24,""),"") -> 446954.95 | P24: =IFERROR(IF(J24>0,M24/J24,""),"") -> 317124.98 | Q24: =IFERROR(IF(E24>0,D24/E24,""),"")
A25: 46193 | B25: T7 | C25: 35169565 | D25: 81 | G25: 9487759 | H25: 2568998 | I25: 4029501 | J25: 60 | K25: 502400 | M25: =IF(SUM(G25:I25)>0,SUM(G25:I25),"") -> 16086258 | N25: =IF(N(C25)+N(M25)>0,N(C25)+N(M25),"") -> 51255823 | O25: =IFERROR(IF(D25>0,C25/D25,""),"") -> 434192.16 | P25: =IFERROR(IF(J25>0,M25/J25,""),"") -> 268104.3 | Q25: =IFERROR(IF(E25>0,D25/E25,""),"")
A26: 46194 | B26: CN | C26: 36436552 | D26: 65 | G26: 7185011 | H26: 3444004 | I26: 4879516 | J26: 59 | K26: 3473370 | M26: =IF(SUM(G26:I26)>0,SUM(G26:I26),"") -> 15508531 | N26: =IF(N(C26)+N(M26)>0,N(C26)+N(M26),"") -> 51945083 | O26: =IFERROR(IF(D26>0,C26/D26,""),"") -> 560562.34 | P26: =IFERROR(IF(J26>0,M26/J26,""),"") -> 262856.46 | Q26: =IFERROR(IF(E26>0,D26/E26,""),"")
A27: 46195 | B27: T2 | C27: 45398787 | D27: 84 | G27: 5823399 | H27: 2786003 | I27: 4425502 | J27: 43 | K27: 259259 | M27: =IF(SUM(G27:I27)>0,SUM(G27:I27),"") -> 13034904 | N27: =IF(N(C27)+N(M27)>0,N(C27)+N(M27),"") -> 58433691 | O27: =IFERROR(IF(D27>0,C27/D27,""),"") -> 540461.75 | P27: =IFERROR(IF(J27>0,M27/J27,""),"") -> 303137.3 | Q27: =IFERROR(IF(E27>0,D27/E27,""),"")
A28: 46196 | B28: T3 | C28: 33422535 | D28: 72 | G28: 6753005 | H28: 2019004 | I28: 2999505 | J28: 33 | M28: =IF(SUM(G28:I28)>0,SUM(G28:I28),"") -> 11771514 | N28: =IF(N(C28)+N(M28)>0,N(C28)+N(M28),"") -> 45194049 | O28: =IFERROR(IF(D28>0,C28/D28,""),"") -> 464201.88 | P28: =IFERROR(IF(J28>0,M28/J28,""),"") -> 356712.55 | Q28: =IFERROR(IF(E28>0,D28/E28,""),"")
A29: 46197 | B29: T4 | C29: 32879297 | D29: 84 | G29: 8755015 | H29: 3973002 | I29: 2503001 | J29: 42 | M29: =IF(SUM(G29:I29)>0,SUM(G29:I29),"") -> 15231018 | N29: =IF(N(C29)+N(M29)>0,N(C29)+N(M29),"") -> 48110315 | O29: =IFERROR(IF(D29>0,C29/D29,""),"") -> 391420.2 | P29: =IFERROR(IF(J29>0,M29/J29,""),"") -> 362643.29 | Q29: =IFERROR(IF(E29>0,D29/E29,""),"")
A30: 46198 | B30: T5 | C30: 39936389 | D30: 100 | G30: 7045999 | H30: 3766497 | I30: 2877502 | J30: 52 | M30: =IF(SUM(G30:I30)>0,SUM(G30:I30),"") -> 13689998 | N30: =IF(N(C30)+N(M30)>0,N(C30)+N(M30),"") -> 53626387 | O30: =IFERROR(IF(D30>0,C30/D30,""),"") -> 399363.89 | P30: =IFERROR(IF(J30>0,M30/J30,""),"") -> 263269.19 | Q30: =IFERROR(IF(E30>0,D30/E30,""),"")
A31: 46199 | B31: T6 | C31: 34725263 | D31: 83 | G31: 10419503 | H31: 5531499 | I31: 4600001 | J31: 72 | K31: 14000 | M31: =IF(SUM(G31:I31)>0,SUM(G31:I31),"") -> 20551003 | N31: =IF(N(C31)+N(M31)>0,N(C31)+N(M31),"") -> 55276266 | O31: =IFERROR(IF(D31>0,C31/D31,""),"") -> 418376.66 | P31: =IFERROR(IF(J31>0,M31/J31,""),"") -> 285430.6 | Q31: =IFERROR(IF(E31>0,D31/E31,""),"")
A32: 46200 | B32: T7 | C32: 31660032 | D32: 75 | G32: 10394010 | H32: 4001503 | I32: 5706997 | J32: 69 | K32: 620370 | M32: =IF(SUM(G32:I32)>0,SUM(G32:I32),"") -> 20102510 | N32: =IF(N(C32)+N(M32)>0,N(C32)+N(M32),"") -> 51762542 | O32: =IFERROR(IF(D32>0,C32/D32,""),"") -> 422133.76 | P32: =IFERROR(IF(J32>0,M32/J32,""),"") -> 291340.72 | Q32: =IFERROR(IF(E32>0,D32/E32,""),"")
A33: 46201 | B33: CN | C33: 28009525 | D33: 60 | G33: 9633250 | H33: 4499504 | I33: 2545502 | J33: 60 | K33: 2516022 | M33: =IF(SUM(G33:I33)>0,SUM(G33:I33),"") -> 16678256 | N33: =IF(N(C33)+N(M33)>0,N(C33)+N(M33),"") -> 44687781 | O33: =IFERROR(IF(D33>0,C33/D33,""),"") -> 466825.42 | P33: =IFERROR(IF(J33>0,M33/J33,""),"") -> 277970.93 | Q33: =IFERROR(IF(E33>0,D33/E33,""),"")
A34: 46202 | B34: T2 | C34: 35600022 | D34: 73 | G34: 7841005 | H34: 2889754 | I34: 1261999 | J34: 35 | M34: =IF(SUM(G34:I34)>0,SUM(G34:I34),"") -> 11992758 | N34: =IF(N(C34)+N(M34)>0,N(C34)+N(M34),"") -> 47592780 | O34: =IFERROR(IF(D34>0,C34/D34,""),"") -> 487671.53 | P34: =IFERROR(IF(J34>0,M34/J34,""),"") -> 342650.23 | Q34: =IFERROR(IF(E34>0,D34/E34,""),"")
A35: 46203 | B35: T3 | C35: 36062654 | D35: 84 | G35: 9861013 | H35: 3477498 | I35: 3029002 | J35: 54 | M35: =IF(SUM(G35:I35)>0,SUM(G35:I35),"") -> 16367513 | N35: =IF(N(C35)+N(M35)>0,N(C35)+N(M35),"") -> 52430167 | O35: =IFERROR(IF(D35>0,C35/D35,""),"") -> 429317.31 | P35: =IFERROR(IF(J35>0,M35/J35,""),"") -> 303102.09 | Q35: =IFERROR(IF(E35>0,D35/E35,""),"")

Sheet 📊 TUẦN T6
A1: TỔNG HỢP TUẦN • THÁNG 6/2026 • CARASE FB & STORE
A2: 📊 Số liệu tự kéo từ DAILY — điền DAILY mỗi ngày, tab này tự cập nhật
A3: Tuần | B3: Ngày | C3: DT FB (đ) | D3: Đơn FB | E3: AOV FB (đ/đơn) | F3: CP Ads (đ) | G3: ROAS | H3: DT Store (đ) | I3: DT Total (đ) | J3: % Target FB | K3: % Target Store | L3: Ghi chú
A4: Tuần 1 | B4: 1/6–7/6 | C4: 245464513 | D4: 551 | E4: 441193 | F4: 562 | G4: 436769 | H4: 125253971 | I4: 368351482 | J4: 0.1991 | K4: 0.1911
A5: Tuần 2 | B5: 8/6–14/6 | C5: 242953207 | D5: 549 | E5: 431143 | F5: 566 | G5: 429245 | H5: 124917193 | I5: 361614806 | J5: 0.3929 | K5: 0.3816
A6: Tuần 3 | B6: 15/6–21/6 | C6: 302155753 | D6: 668 | E6: 441213 | F6: 686 | G6: 440460 | H6: 115187754 | I6: 409918206 | J6: 0.6343 | K6: 0.5574
A7: Tuần 4 | B7: 22/6–28/6 | C7: 246031828 | D7: 547 | E7: 445341 | F7: 558 | G7: 440917 | H7: 111059203 | I7: 354660904 | J7: 0.8338 | K7: 0.7268
A8: Tuần 5 | B8: 29/6–30/6 | C8: 71662676 | D8: 156 | E8: 452653 | F8: 157 | G8: 456450 | H8: 28360271 | I8: 98974196 | J8: 0.8916 | K8: 0.77
A21: TỔNG | B21: 1/6–30/6 | C21: 1088741202 | D21: 2471 | E21: 440608 | H21: 504778392 | I21: 1593519594 | J21: 0.8916 | K21: 0.77
A23: 🎯 Target tháng | C23: 1221140305 | H23: 655527931 | I23: 1876668236
A25: 💡 % Target = Lũy kế từ đầu tháng đến cuối tuần đó / Target tháng | CP Ads có thể điền theo tuần, không cần hàng ngày
A27: TỔNG HỢP ACTION • THÁNG 6/2026 • CARASE FB & STORE
A28: STT | B28: TASK | C28: MÔ TẢ | D28: TRẠNG THÁI | E28: KẾT QUẢ
A29: 1 | B29: Liên hệ CSKH Data "Win Back Pool' | C29: - Win back Pool: là tệp khách hàng mua hàng > 60 ngày chưa quay lại mua hàng - Claude xuất data số lượng hiện tại đến đầu tháng 6 ~ 16.000 Khách hàng - Chia thành 4 nhóm khách hàng : * 60-90 ngày (ấm) * 91-180 ngày (nguội) * 181-365 ngày (lạnh) * Trên 1 năm (ngủ đông) => Phân bổ data cho các nhân viên sale + cskh để liên hệ khách hàng theo kich bản từng nhóm | D29: Đang thực hiện | E29: Theo chỉ số win back hiện tại 954 khách => so với baseline trung bình thì đang không thay đổi nhiều
A30: 2 | B30: Build Plan LOYATY triển khai Quý 3/2026 | C30: - Xây dựng cơ cấu chương trình Loyaty - Setup testing trên Nhanh,vn - Xây dựng cơ cấu bộ quà tặng | D30: Đang thực hiện | E30: 0.8
A31: 3 | B31: Điều chỉnh lại chính sách khuyến mãi | C31: - Xem xét lại giá bán để đảm bảo tỉ lệ giá vốn < 27% - Bốc 1 nhóm sản phẩm để testing chuyển đổi sản phẩm từ mua nhiều chiết khấu sang tặng sản phẩm. | D31: Đã thực hiện | E31: 1
A32: 4 | B32: [QUAN TRỌNG] Testing học bộ tài liệu sản phẩm để triển khai đồng loạt đội ngũ | C32: - Học và review quá trình học. Nội dung để A Lợi fix lại sau đó triển khai theo từng giai đoạn cho Team lead => Team staff. => Vạch rõ KPI, ý nghĩa việc học, định hướng công ty về việc bán hàng, DVKH | D32: Đang thực hiện | E32: 0.85 | F32: Đây là công việc ưu tiên tuần vừa rồi.
A33: 5 | B33: Team lead báo cáo doanh thu các chỉ số 5 way mỗi tối. Có vấn đề team interview ngay vào sáng hôm sau để cải thiện | D33: Đang thực hiện mỗi ngày
A34: 6 | B34: Thông báo các bên bán hàng, mkt về thông tin chuyển đổi hướng tư vấn. | C34: Lens 3T14H và 3T10H sẽ thay đổi hướng tư vấn. Dòng lens 3T14H sẽ không nhập hàng về nữa. | D34: Đang soạn thảo nội dung chuẩn bị triển khai cho nhóm manager | E34: Dự kiến 4/7 public trong tư vấn
A35: 1 SỐ VẤN ĐỀ ẢNH HƯỜNG HIỆU SUẤT • THÁNG 6/2026 • CARASE FB & STORE
A36: STT | B36: LOẠI VẤN ĐỀ | C36: CHI TIẾT VẤN ĐỀ | D36: HƯỚNG GIẢI QUYẾT
A37: 1
A38: 2
A39: 3

Sheet 📅 DAILY T7
A1: DAILY INPUT • THÁNG 7/2026 • CARASE FB & STORE
A2: 🟡 Ô VÀNG = Team điền mỗi ngày | 🟢 Ô XANH = Tự tính | Deadline 22:00
A3: 📅 THỜI GIAN | C3: 📱 FACEBOOK | E3: 📢 ADS | G3: 🏪 STORE | K3: 👓 O3 | L3: 📝 | M3: 📊 AUTO | O3: 📊 AUTO | Q3: 📊
A4: Ngày | B4: T | C4: DT FB (đ) | D4: Đơn FB | E4: CMT+IB (Vpage) | F4: CP Ads (đ) | G4: DT NDC (đ) | H4: DT PH (đ) | I4: DT NGT (đ) | J4: Đơn Store | K4: DT O3 (đ) | L4: Ghi chú | M4: DT Store (=G+H+I) | N4: DT Total (=FB+Store) | O4: AOV FB (C/D) | P4: AOV Store (M/J) | Q4: CR% (D/E)
A5: TARGET/THÁNG | C5: 1214990084 | G5: 343229305 | H5: 169214438 | I5: 139782649 | M5: 652226392 | N5: 1867216476 | O5: 450000 | P5: 330000
A6: 46204 | B6: T4 | C6: 41816554 | D6: 98 | G6: 5255003 | H6: 4262751 | I6: 5003500 | J6: 42 | K6: 502858 | M6: =IF(SUM(G6:I6)>0,SUM(G6:I6),"") -> 14521254 | N6: =IF(N(C6)+N(M6)>0,N(C6)+N(M6),"") -> 56337808 | O6: =IFERROR(IF(D6>0,C6/D6,""),"") -> 426699.53 | P6: =IFERROR(IF(J6>0,M6/J6,""),"") -> 345744.14 | Q6: =IFERROR(IF(E6>0,D6/E6,""),"")
A7: 46205 | B7: T5 | C7: 38248053 | D7: 88 | G7: 9476011 | H7: 5529501 | I7: 4494505 | J7: 57 | K7: 200000 | M7: =IF(SUM(G7:I7)>0,SUM(G7:I7),"") -> 19500017 | N7: =IF(N(C7)+N(M7)>0,N(C7)+N(M7),"") -> 57748070 | O7: =IFERROR(IF(D7>0,C7/D7,""),"") -> 434636.97 | P7: =IFERROR(IF(J7>0,M7/J7,""),"") -> 342105.56 | Q7: =IFERROR(IF(E7>0,D7/E7,""),"")
A8: 46206 | B8: T6 | C8: 49557375 | D8: 117 | G8: 9565500 | H8: 4396003 | I8: 4959521 | J8: 62 | K8: 796000 | M8: =IF(SUM(G8:I8)>0,SUM(G8:I8),"") -> 18921024 | N8: =IF(N(C8)+N(M8)>0,N(C8)+N(M8),"") -> 68478399 | O8: =IFERROR(IF(D8>0,C8/D8,""),"") -> 423567.31 | P8: =IFERROR(IF(J8>0,M8/J8,""),"") -> 305177.81 | Q8: =IFERROR(IF(E8>0,D8/E8,""),"")
A9: 46207 | B9: T7 | C9: 39630033 | D9: 98 | G9: 6833004 | H9: 6019997 | I9: 3574999 | J9: 61 | K9: 868800 | M9: =IF(SUM(G9:I9)>0,SUM(G9:I9),"") -> 16428000 | N9: =IF(N(C9)+N(M9)>0,N(C9)+N(M9),"") -> 56058033 | O9: =IFERROR(IF(D9>0,C9/D9,""),"") -> 404388.09 | P9: =IFERROR(IF(J9>0,M9/J9,""),"") -> 269311.48 | Q9: =IFERROR(IF(E9>0,D9/E9,""),"")
A10: 46208 | B10: CN | C10: 27398083 | D10: 66 | G10: 6461003 | H10: 9026495 | I10: 4521251 | J10: 57 | K10: 1487482 | M10: =IF(SUM(G10:I10)>0,SUM(G10:I10),"") -> 20008749 | N10: =IF(N(C10)+N(M10)>0,N(C10)+N(M10),"") -> 47406832 | O10: =IFERROR(IF(D10>0,C10/D10,""),"") -> 415122.47 | P10: =IFERROR(IF(J10>0,M10/J10,""),"") -> 351030.68 | Q10: =IFERROR(IF(E10>0,D10/E10,""),"")
A11: 46209 | B11: T2 | C11: 41043885 | D11: 83 | G11: 7666010 | H11: 2705002 | I11: 2308504 | J11: 42 | K11: 4991000 | M11: =IF(SUM(G11:I11)>0,SUM(G11:I11),"") -> 12679516 | N11: =IF(N(C11)+N(M11)>0,N(C11)+N(M11),"") -> 53723401 | O11: =IFERROR(IF(D11>0,C11/D11,""),"") -> 494504.64 | P11: =IFERROR(IF(J11>0,M11/J11,""),"") -> 301893.24 | Q11: =IFERROR(IF(E11>0,D11/E11,""),"")
A12: 46210 | B12: T3 | C12: 25061535 | D12: 69 | G12: 7050508 | H12: 1835500 | I12: 4549001 | J12: 48 | M12: =IF(SUM(G12:I12)>0,SUM(G12:I12),"") -> 13435009 | N12: =IF(N(C12)+N(M12)>0,N(C12)+N(M12),"") -> 38496544 | O12: =IFERROR(IF(D12>0,C12/D12,""),"") -> 363210.65 | P12: =IFERROR(IF(J12>0,M12/J12,""),"") -> 279896.02 | Q12: =IFERROR(IF(E12>0,D12/E12,""),"")
A13: 46211 | B13: T4 | C13: 43729563 | D13: 107 | G13: 9457256 | H13: 5298505 | I13: 3436998 | J13: 62 | K13: 1828572 | M13: =IF(SUM(G13:I13)>0,SUM(G13:I13),"") -> 18192759 | N13: =IF(N(C13)+N(M13)>0,N(C13)+N(M13),"") -> 61922322 | O13: =IFERROR(IF(D13>0,C13/D13,""),"") -> 408687.5 | P13: =IFERROR(IF(J13>0,M13/J13,""),"") -> 293431.6 | Q13: =IFERROR(IF(E13>0,D13/E13,""),"")
A14: 46212 | B14: T5 | C14: 35047269 | D14: 77 | G14: 9945007 | H14: 2135001 | I14: 2569001 | J14: 50 | K14: 868800 | M14: =IF(SUM(G14:I14)>0,SUM(G14:I14),"") -> 14649009 | N14: =IF(N(C14)+N(M14)>0,N(C14)+N(M14),"") -> 49696278 | O14: =IFERROR(IF(D14>0,C14/D14,""),"") -> 455159.34 | P14: =IFERROR(IF(J14>0,M14/J14,""),"") -> 292980.18 | Q14: =IFERROR(IF(E14>0,D14/E14,""),"")
A15: 46213 | B15: T6 | C15: 44784589 | D15: 97 | G15: 8523678 | H15: 6983754 | I15: 7198000 | J15: 73 | K15: 3843081 | M15: =IF(SUM(G15:I15)>0,SUM(G15:I15),"") -> 22705432 | N15: =IF(N(C15)+N(M15)>0,N(C15)+N(M15),"") -> 67490021 | O15: =IFERROR(IF(D15>0,C15/D15,""),"") -> 461696.79 | P15: =IFERROR(IF(J15>0,M15/J15,""),"") -> 311033.32 | Q15: =IFERROR(IF(E15>0,D15/E15,""),"")
A16: 46214 | B16: T7 | C16: 37429785 | D16: 102 | G16: 10539998 | H16: 7112501 | I16: 6608504 | J16: 79 | K16: 1162000 | M16: =IF(SUM(G16:I16)>0,SUM(G16:I16),"") -> 24261003 | N16: =IF(N(C16)+N(M16)>0,N(C16)+N(M16),"") -> 61690788 | O16: =IFERROR(IF(D16>0,C16/D16,""),"") -> 366958.68 | P16: =IFERROR(IF(J16>0,M16/J16,""),"") -> 307101.3 | Q16: =IFERROR(IF(E16>0,D16/E16,""),"")
A17: 46215 | B17: CN | C17: 24101032 | D17: 78 | G17: 8568008 | H17: 5877003 | I17: 3866003 | J17: 59 | M17: =IF(SUM(G17:I17)>0,SUM(G17:I17),"") -> 18311014 | N17: =IF(N(C17)+N(M17)>0,N(C17)+N(M17),"") -> 42412046 | O17: =IFERROR(IF(D17>0,C17/D17,""),"") -> 308987.59 | P17: =IFERROR(IF(J17>0,M17/J17,""),"") -> 310356.17 | Q17: =IFERROR(IF(E17>0,D17/E17,""),"")
A18: 46216 | B18: T2 | C18: 43339246 | D18: 100 | G18: 6566006 | H18: 3976003 | I18: 1930002 | J18: 39 | K18: 1547800 | M18: =IF(SUM(G18:I18)>0,SUM(G18:I18),"") -> 12472011 | N18: =IF(N(C18)+N(M18)>0,N(C18)+N(M18),"") -> 55811257 | O18: =IFERROR(IF(D18>0,C18/D18,""),"") -> 433392.46 | P18: =IFERROR(IF(J18>0,M18/J18,""),"") -> 319795.15 | Q18: =IFERROR(IF(E18>0,D18/E18,""),"")
A19: 46217 | B19: T3 | C19: 33894819 | D19: 90 | G19: 12829507 | H19: 3528750 | I19: 3605000 | J19: 59 | K19: 200000 | M19: =IF(SUM(G19:I19)>0,SUM(G19:I19),"") -> 19963257 | N19: =IF(N(C19)+N(M19)>0,N(C19)+N(M19),"") -> 53858076 | O19: =IFERROR(IF(D19>0,C19/D19,""),"") -> 376609.1 | P19: =IFERROR(IF(J19>0,M19/J19,""),"") -> 338360.29 | Q19: =IFERROR(IF(E19>0,D19/E19,""),"")
A20: 46218 | B20: T4 | C20: 38150799 | D20: 80 | G20: 5518496 | H20: 4747506 | I20: 3236498 | J20: 42 | M20: =IF(SUM(G20:I20)>0,SUM(G20:I20),"") -> 13502500 | N20: =IF(N(C20)+N(M20)>0,N(C20)+N(M20),"") -> 51653299 | O20: =IFERROR(IF(D20>0,C20/D20,""),"") -> 476884.99 | P20: =IFERROR(IF(J20>0,M20/J20,""),"") -> 321488.1 | Q20: =IFERROR(IF(E20>0,D20/E20,""),"")
A21: 46219 | B21: T5 | C21: 39665520 | D21: 89 | G21: 10004741 | H21: 2615001 | I21: 4320000 | J21: 58 | K21: 1028800 | M21: =IF(SUM(G21:I21)>0,SUM(G21:I21),"") -> 16939742 | N21: =IF(N(C21)+N(M21)>0,N(C21)+N(M21),"") -> 56605262 | O21: =IFERROR(IF(D21>0,C21/D21,""),"") -> 445680 | P21: =IFERROR(IF(J21>0,M21/J21,""),"") -> 292064.52 | Q21: =IFERROR(IF(E21>0,D21/E21,""),"")
A22: 46220 | B22: T6 | C22: 47083158 | D22: 104 | G22: 8923000 | H22: 2255001 | I22: 5365199 | J22: 63 | K22: 1028800 | M22: =IF(SUM(G22:I22)>0,SUM(G22:I22),"") -> 16543200 | N22: =IF(N(C22)+N(M22)>0,N(C22)+N(M22),"") -> 63626358 | O22: =IFERROR(IF(D22>0,C22/D22,""),"") -> 452722.67 | P22: =IFERROR(IF(J22>0,M22/J22,""),"") -> 262590.48 | Q22: =IFERROR(IF(E22>0,D22/E22,""),"")
A23: 46221 | B23: T7 | C23: 40097175 | D23: 102 | G23: 5977296 | H23: 5832004 | I23: 7530007 | J23: 66 | K23: 1142400 | M23: =IF(SUM(G23:I23)>0,SUM(G23:I23),"") -> 19339307 | N23: =IF(N(C23)+N(M23)>0,N(C23)+N(M23),"") -> 59436482 | O23: =IFERROR(IF(D23>0,C23/D23,""),"") -> 393109.56 | P23: =IFERROR(IF(J23>0,M23/J23,""),"") -> 293019.8 | Q23: =IFERROR(IF(E23>0,D23/E23,""),"")
A24: 46222 | B24: CN | C24: 25358036 | D24: 69 | G24: 11550771 | H24: 2669997 | I24: 2964998 | J24: 52 | M24: =IF(SUM(G24:I24)>0,SUM(G24:I24),"") -> 17185766 | N24: =IF(N(C24)+N(M24)>0,N(C24)+N(M24),"") -> 42543802 | O24: =IFERROR(IF(D24>0,C24/D24,""),"") -> 367507.77 | P24: =IFERROR(IF(J24>0,M24/J24,""),"") -> 330495.5 | Q24: =IFERROR(IF(E24>0,D24/E24,""),"")
A25: 46223 | B25: T2 | C25: 39654076 | D25: 82 | G25: 8513004 | H25: 3100502 | I25: 2328002 | J25: 41 | K25: 2742400 | M25: =IF(SUM(G25:I25)>0,SUM(G25:I25),"") -> 13941508 | N25: =IF(N(C25)+N(M25)>0,N(C25)+N(M25),"") -> 53595584 | O25: =IFERROR(IF(D25>0,C25/D25,""),"") -> 483586.29 | P25: =IFERROR(IF(J25>0,M25/J25,""),"") -> 340036.78 | Q25: =IFERROR(IF(E25>0,D25/E25,""),"")
A26: 46224 | B26: T3 | C26: 43848527 | D26: 93 | G26: 10045996 | H26: 2430000 | I26: 3247000 | J26: 58 | K26: 1762422 | M26: =IF(SUM(G26:I26)>0,SUM(G26:I26),"") -> 15722996 | N26: =IF(N(C26)+N(M26)>0,N(C26)+N(M26),"") -> 59571523 | O26: =IFERROR(IF(D26>0,C26/D26,""),"") -> 471489.54 | P26: =IFERROR(IF(J26>0,M26/J26,""),"") -> 271086.14 | Q26: =IFERROR(IF(E26>0,D26/E26,""),"")
A27: 46225 | B27: T4 | C27: 36900037 | D27: 84 | G27: 13002501 | H27: 7268306 | I27: 4719003 | J27: 58 | K27: 1131200 | M27: =IF(SUM(G27:I27)>0,SUM(G27:I27),"") -> 24989810 | N27: =IF(N(C27)+N(M27)>0,N(C27)+N(M27),"") -> 61889847 | O27: =IFERROR(IF(D27>0,C27/D27,""),"") -> 439286.15 | P27: =IFERROR(IF(J27>0,M27/J27,""),"") -> 430858.79 | Q27: =IFERROR(IF(E27>0,D27/E27,""),"")
A28: 46226 | B28: T5 | C28: 39534789 | D28: 110 | G28: 8705009 | H28: 2785001 | I28: 6959004 | J28: 65 | K28: 754286 | M28: =IF(SUM(G28:I28)>0,SUM(G28:I28),"") -> 18449014 | N28: =IF(N(C28)+N(M28)>0,N(C28)+N(M28),"") -> 57983803 | O28: =IFERROR(IF(D28>0,C28/D28,""),"") -> 359407.17 | P28: =IFERROR(IF(J28>0,M28/J28,""),"") -> 283830.98 | Q28: =IFERROR(IF(E28>0,D28/E28,""),"")
A29: 46227 | B29: T6 | C29: 41297566 | D29: 107 | G29: 5780004 | H29: 2550001 | I29: 2405000 | J29: 42 | M29: =IF(SUM(G29:I29)>0,SUM(G29:I29),"") -> 10735005 | N29: =IF(N(C29)+N(M29)>0,N(C29)+N(M29),"") -> 52032571 | O29: =IFERROR(IF(D29>0,C29/D29,""),"") -> 385958.56 | P29: =IFERROR(IF(J29>0,M29/J29,""),"") -> 255595.36 | Q29: =IFERROR(IF(E29>0,D29/E29,""),"")
A30: 46228 | B30: T7 | C30: 40492710 | D30: 92 | G30: 10590247 | H30: 5624002 | I30: 3293999 | J30: 66 | K30: 3655400 | M30: =IF(SUM(G30:I30)>0,SUM(G30:I30),"") -> 19508248 | N30: =IF(N(C30)+N(M30)>0,N(C30)+N(M30),"") -> 60000958 | O30: =IFERROR(IF(D30>0,C30/D30,""),"") -> 440138.15 | P30: =IFERROR(IF(J30>0,M30/J30,""),"") -> 295579.52 | Q30: =IFERROR(IF(E30>0,D30/E30,""),"")
A31: 46229 | B31: CN | C31: 26779522 | D31: 69 | G31: 11422009 | H31: 3517004 | I31: 3657499 | J31: 57 | M31: =IF(SUM(G31:I31)>0,SUM(G31:I31),"") -> 18596512 | N31: =IF(N(C31)+N(M31)>0,N(C31)+N(M31),"") -> 45376034 | O31: =IFERROR(IF(D31>0,C31/D31,""),"") -> 388109.01 | P31: =IFERROR(IF(J31>0,M31/J31,""),"") -> 326254.6 | Q31: =IFERROR(IF(E31>0,D31/E31,""),"")
A32: 46230 | B32: T2 | C32: 47824789 | D32: 104 | G32: 6449508 | H32: 2398499 | I32: 1480003 | J32: 39 | M32: =IF(SUM(G32:I32)>0,SUM(G32:I32),"") -> 10328010 | N32: =IF(N(C32)+N(M32)>0,N(C32)+N(M32),"") -> 58152799 | O32: =IFERROR(IF(D32>0,C32/D32,""),"") -> 459853.74 | P32: =IFERROR(IF(J32>0,M32/J32,""),"") -> 264820.77 | Q32: =IFERROR(IF(E32>0,D32/E32,""),"")
A33: 46231 | B33: T3 | C33: 32497544 | D33: 78 | G33: 6307506 | H33: 3873501 | I33: 6263999 | J33: 50 | K33: 324074 | M33: =IF(SUM(G33:I33)>0,SUM(G33:I33),"") -> 16445006 | N33: =IF(N(C33)+N(M33)>0,N(C33)+N(M33),"") -> 48942550 | O33: =IFERROR(IF(D33>0,C33/D33,""),"") -> 416635.18 | P33: =IFERROR(IF(J33>0,M33/J33,""),"") -> 328900.12 | Q33: =IFERROR(IF(E33>0,D33/E33,""),"")
A34: 46232 | B34: T4 | C34: 28567538 | D34: 75 | G34: 12056503 | H34: 1149000 | I34: 2322503 | J34: 46 | M34: =IF(SUM(G34:I34)>0,SUM(G34:I34),"") -> 15528006 | N34: =IF(N(C34)+N(M34)>0,N(C34)+N(M34),"") -> 44095544 | O34: =IFERROR(IF(D34>0,C34/D34,""),"") -> 380900.51 | P34: =IFERROR(IF(J34>0,M34/J34,""),"") -> 337565.35 | Q34: =IFERROR(IF(E34>0,D34/E34,""),"")
A35: 46233 | B35: T5 | C35: 48866153 | D35: 115 | G35: 7681005 | H35: 3645499 | I35: 4691997 | J35: 52 | K35: 1772000 | M35: =IF(SUM(G35:I35)>0,SUM(G35:I35),"") -> 16018501 | N35: =IF(N(C35)+N(M35)>0,N(C35)+N(M35),"") -> 64884654 | O35: =IFERROR(IF(D35>0,C35/D35,""),"") -> 424923.07 | P35: =IFERROR(IF(J35>0,M35/J35,""),"") -> 308048.1 | Q35: =IFERROR(IF(E35>0,D35/E35,""),"")
A36: 46234 | B36: T6 | C36: 54839066 | D36: 111 | G36: 11229996 | H36: 4040503 | I36: 4991752 | J36: 72 | K36: 2971200 | M36: =IF(SUM(G36:I36)>0,SUM(G36:I36),"") -> 20262251 | N36: =IF(N(C36)+N(M36)>0,N(C36)+N(M36),"") -> 75101317 | O36: =IFERROR(IF(D36>0,C36/D36,""),"") -> 494045.64 | P36: =IFERROR(IF(J36>0,M36/J36,""),"") -> 281420.15 | Q36: =IFERROR(IF(E36>0,D36/E36,""),"")

Sheet 📊 TUẦN T7
A1: TỔNG HỢP TUẦN • THÁNG 7/2026 • CARASE FB & STORE
A2: 📊 Số liệu tự kéo từ DAILY — điền DAILY mỗi ngày, tab này tự cập nhật
A3: Tuần | B3: Ngày | C3: DT FB (đ) | D3: Đơn FB | E3: AOV FB (đ/đơn) | F3: CP Ads (đ) | G3: ROAS | H3: DT Store (đ) | I3: DT Total (đ) | J3: % Target FB | K3: % Target Store | L3: Ghi chú
A4: Tuần 1 | B4: 1/7–5/7 | C4: 196650098 | D4: =IFERROR(SUM('📅 DAILY T7'!D6:D10),0) -> 467 | E4: =IFERROR(SUM('📅 DAILY T7'!C6:C10)/SUM('📅 DAILY T7'!D6:D10),"") -> 421092.29 | F4: 467 | G4: 421092 | H4: =IFERROR(SUM('📅 DAILY T7'!M6:M10),0) -> 89379044 | I4: =IFERROR(SUM('📅 DAILY T7'!N6:N10),0) -> 286029142 | J4: =IFERROR(SUM('📅 DAILY T7'!C6:C10)/1277560078,"") -> 0.1539263 | K4: =IFERROR(SUM('📅 DAILY T7'!M6:M10)/721910506,"") -> 0.12380904
A5: Tuần 2 | B5: 6/7–12/7 | C5: 251197658 | D5: =IFERROR(SUM('📅 DAILY T7'!D11:D17),0) -> 613 | E5: =IFERROR(SUM('📅 DAILY T7'!C11:C17)/SUM('📅 DAILY T7'!D11:D17),"") -> 409784.11 | F5: 613 | G5: 409784 | H5: =IFERROR(SUM('📅 DAILY T7'!M11:M17),0) -> 124233742 | I5: =IFERROR(SUM('📅 DAILY T7'!N11:N17),0) -> 375431400 | J5: =IFERROR(SUM('📅 DAILY T7'!C6:C17)/1277560078,"") -> 0.35054927 | K5: =IFERROR(SUM('📅 DAILY T7'!M6:M17)/721910506,"") -> 0.29589926
A6: Tuần 3 | B6: 13/7–19/7 | C6: 267588753 | D6: =IFERROR(SUM('📅 DAILY T7'!D18:D24),0) -> 634 | E6: =IFERROR(SUM('📅 DAILY T7'!C18:C24)/SUM('📅 DAILY T7'!D18:D24),"") -> 422064.28 | F6: 634 | G6: 422064 | H6: =IFERROR(SUM('📅 DAILY T7'!M18:M24),0) -> 115945783 | I6: =IFERROR(SUM('📅 DAILY T7'!N18:N24),0) -> 383534536 | J6: =IFERROR(SUM('📅 DAILY T7'!C6:C24)/1277560078,"") -> 0.56000224 | K6: =IFERROR(SUM('📅 DAILY T7'!M6:M24)/721910506,"") -> 0.4565089
A7: Tuần 4 | B7: 20/7–26/7 | C7: 268507227 | D7: =IFERROR(SUM('📅 DAILY T7'!D25:D31),0) -> 637 | E7: =IFERROR(SUM('📅 DAILY T7'!C25:C31)/SUM('📅 DAILY T7'!D25:D31),"") -> 421518.41 | F7: 637 | G7: 421518 | H7: =IFERROR(SUM('📅 DAILY T7'!M25:M31),0) -> 121943093 | I7: =IFERROR(SUM('📅 DAILY T7'!N25:N31),0) -> 390450320 | J7: =IFERROR(SUM('📅 DAILY T7'!C6:C31)/1277560078,"") -> 0.77017414 | K7: =IFERROR(SUM('📅 DAILY T7'!M6:M31)/721910506,"") -> 0.62542609
A8: Tuần 5 | B8: 27/7–31/7 | C8: 212595090 | D8: =IFERROR(SUM('📅 DAILY T7'!D32:D36),0) -> 483 | E8: =IFERROR(SUM('📅 DAILY T7'!C32:C36)/SUM('📅 DAILY T7'!D32:D36),"") -> 440155.47 | F8: 483 | G8: 440155 | H8: =IFERROR(SUM('📅 DAILY T7'!M32:M36),0) -> 78581774 | I8: =IFERROR(SUM('📅 DAILY T7'!N32:N36),0) -> 291176864 | J8: =IFERROR(SUM('📅 DAILY T7'!C6:C36)/1277560078,"") -> 0.93658126 | K8: =IFERROR(SUM('📅 DAILY T7'!M6:M36)/721910506,"") -> 0.7342786
A21: TỔNG | B21: 1/7–31/7 | C21: =IFERROR(SUM('📅 DAILY T7'!C6:C36),0) -> 1196538826 | D21: =IFERROR(SUM('📅 DAILY T7'!D6:D36),0) -> 2834 | E21: =IFERROR(SUM('📅 DAILY T7'!C6:C36)/SUM('📅 DAILY T7'!D6:D36),"") -> 422208.48 | F21: =IFERROR(SUM('📅 DAILY T7'!F6:F36),0) -> 0 | G21: =IFERROR(SUM('📅 DAILY T7'!C6:C36)/SUM('📅 DAILY T7'!F6:F36),"") | H21: =IFERROR(SUM('📅 DAILY T7'!M6:M36),0) -> 530083436 | I21: =IFERROR(SUM('📅 DAILY T7'!N6:N36),0) -> 1726622262 | J21: =IFERROR(SUM('📅 DAILY T7'!C6:C36)/1277560078,"") -> 0.93658126 | K21: =IFERROR(SUM('📅 DAILY T7'!M6:M36)/721910506,"") -> 0.7342786
A23: 🎯 Target tháng | C23: 1214990084 | H23: 652226392 | I23: 1867216476
A25: 💡 % Target = Lũy kế từ đầu tháng đến cuối tuần đó / Target tháng | CP Ads có thể điền theo tuần, không cần hàng ngày

Sheet 📅 DAILY T8
A1: DAILY INPUT • THÁNG 8/2026 • CARASE FB & STORE
A2: 🟡 Ô VÀNG = Team điền mỗi ngày | 🟢 Ô XANH = Tự tính | Deadline 22:00
A3: 📅 THỜI GIAN | C3: 📱 FACEBOOK | E3: 📢 ADS | G3: 🏪 STORE | K3: 👓 O3 | L3: 📝 | M3: 📊 AUTO | O3: 📊 AUTO | Q3: 📊
A4: Ngày | B4: T | C4: DT FB (đ) | D4: Đơn FB | E4: CMT+IB (Vpage) | F4: CP Ads (đ) | G4: DT NDC (đ) | H4: DT PH (đ) | I4: DT NGT (đ) | J4: Đơn Store | K4: DT O3 (đ) | L4: Ghi chú | M4: DT Store (=G+H+I) | N4: DT Total (=FB+Store) | O4: AOV FB (C/D) | P4: AOV Store (M/J) | Q4: CR% (D/E)
A5: TARGET/THÁNG | C5: 1221751028 | G5: 345139241 | H5: 170156050 | I5: 140560485 | M5: 655855776 | N5: 1877606804 | O5: 450000 | P5: 330000
A6: 46235 | B6: T7 | C6: 39252541 | D6: 101 | G6: 14771514 | H6: 2723503 | I6: 7385249 | J6: 92 | K6: 909999 | M6: =IF(SUM(G6:I6)>0,SUM(G6:I6),"") -> 24880266 | N6: =IF(N(C6)+N(M6)>0,N(C6)+N(M6),"") -> 64132807 | O6: =IFERROR(IF(D6>0,C6/D6,""),"") -> 388639.02 | P6: =IFERROR(IF(J6>0,M6/J6,""),"") -> 270437.67 | Q6: =IFERROR(IF(E6>0,D6/E6,""),"")
A7: 46236 | B7: CN | C7: 37198537 | D7: 86 | G7: 11755008 | H7: 4205501 | I7: 2891501 | J7: 62 | M7: =IF(SUM(G7:I7)>0,SUM(G7:I7),"") -> 18852010 | N7: =IF(N(C7)+N(M7)>0,N(C7)+N(M7),"") -> 56050547 | O7: =IFERROR(IF(D7>0,C7/D7,""),"") -> 432541.13 | P7: =IFERROR(IF(J7>0,M7/J7,""),"") -> 304064.68 | Q7: =IFERROR(IF(E7>0,D7/E7,""),"")
A8: 46237 | B8: T2 | C8: 37052313 | D8: 86 | G8: 3938505 | H8: 5928749 | I8: 3587501 | J8: 44 | K8: 1950459 | M8: =IF(SUM(G8:I8)>0,SUM(G8:I8),"") -> 13454755 | N8: =IF(N(C8)+N(M8)>0,N(C8)+N(M8),"") -> 50507068 | O8: =IFERROR(IF(D8>0,C8/D8,""),"") -> 430840.85 | P8: =IFERROR(IF(J8>0,M8/J8,""),"") -> 305789.89 | Q8: =IFERROR(IF(E8>0,D8/E8,""),"")
A9: 46238 | B9: T3 | C9: 28938033 | D9: 70 | G9: 6086751 | H9: 4041845 | I9: 2450001 | J9: 39 | K9: 601852 | M9: =IF(SUM(G9:I9)>0,SUM(G9:I9),"") -> 12578597 | N9: =IF(N(C9)+N(M9)>0,N(C9)+N(M9),"") -> 41516630 | O9: =IFERROR(IF(D9>0,C9/D9,""),"") -> 413400.47 | P9: =IFERROR(IF(J9>0,M9/J9,""),"") -> 322528.13 | Q9: =IFERROR(IF(E9>0,D9/E9,""),"")
A10: 46239 | B10: T4 | C10: 29939800 | D10: 73 | G10: 10474750 | H10: 3653499 | I10: 5536003 | J10: 66 | K10: 499999 | M10: =IF(SUM(G10:I10)>0,SUM(G10:I10),"") -> 19664252 | N10: =IF(N(C10)+N(M10)>0,N(C10)+N(M10),"") -> 49604052 | O10: =IFERROR(IF(D10>0,C10/D10,""),"") -> 410134.25 | P10: =IFERROR(IF(J10>0,M10/J10,""),"") -> 297943.21 | Q10: =IFERROR(IF(E10>0,D10/E10,""),"")
A11: 46240 | B11: T5 | C11: 36169269 | D11: 87 | G11: 9879007 | H11: 5260999 | I11: 2857996 | J11: 59 | K11: 686400 | M11: =IF(SUM(G11:I11)>0,SUM(G11:I11),"") -> 17998002 | N11: =IF(N(C11)+N(M11)>0,N(C11)+N(M11),"") -> 54167271 | O11: =IFERROR(IF(D11>0,C11/D11,""),"") -> 415738.72 | P11: =IFERROR(IF(J11>0,M11/J11,""),"") -> 305050.88 | Q11: =IFERROR(IF(E11>0,D11/E11,""),"")
A12: 46241 | B12: T6 | C12: 45261341 | D12: 111 | G12: 9386000 | H12: 4377504 | I12: 5635001 | J12: 57 | K12: 1004800 | M12: =IF(SUM(G12:I12)>0,SUM(G12:I12),"") -> 19398505 | N12: =IF(N(C12)+N(M12)>0,N(C12)+N(M12),"") -> 64659846 | O12: =IFERROR(IF(D12>0,C12/D12,""),"") -> 407759.83 | P12: =IFERROR(IF(J12>0,M12/J12,""),"") -> 340324.65 | Q12: =IFERROR(IF(E12>0,D12/E12,""),"")
A13: 46242 | B13: T7 | C13: 45051371 | D13: 108 | G13: 6736004 | H13: 5425498 | I13: 4499002 | J13: 62 | K13: 518519 | M13: =IF(SUM(G13:I13)>0,SUM(G13:I13),"") -> 16660504 | N13: =IF(N(C13)+N(M13)>0,N(C13)+N(M13),"") -> 61711875 | O13: =IFERROR(IF(D13>0,C13/D13,""),"") -> 417142.32 | P13: =IFERROR(IF(J13>0,M13/J13,""),"") -> 268717.81 | Q13: =IFERROR(IF(E13>0,D13/E13,""),"")
A14: 46243 | B14: CN | C14: 29575775 | D14: 78 | G14: 4285505 | H14: 2871998 | I14: 5133497 | J14: 37 | K14: 1188800 | M14: =IF(SUM(G14:I14)>0,SUM(G14:I14),"") -> 12291000 | N14: =IF(N(C14)+N(M14)>0,N(C14)+N(M14),"") -> 41866775 | O14: =IFERROR(IF(D14>0,C14/D14,""),"") -> 379176.6 | P14: =IFERROR(IF(J14>0,M14/J14,""),"") -> 332189.19 | Q14: =IFERROR(IF(E14>0,D14/E14,""),"")
A15: 46244 | B15: T2 | C15: 38639566 | D15: 93 | G15: 6749999 | H15: 3985503 | I15: 1597251 | J15: 41 | M15: =IF(SUM(G15:I15)>0,SUM(G15:I15),"") -> 12332753 | N15: =IF(N(C15)+N(M15)>0,N(C15)+N(M15),"") -> 50972319 | O15: =IFERROR(IF(D15>0,C15/D15,""),"") -> 415479.2 | P15: =IFERROR(IF(J15>0,M15/J15,""),"") -> 300798.85 | Q15: =IFERROR(IF(E15>0,D15/E15,""),"")
A16: 46245 | B16: T3 | C16: 36640061 | D16: 79 | G16: 5029511 | H16: 4549001 | I16: 2350500 | J16: 38 | M16: =IF(SUM(G16:I16)>0,SUM(G16:I16),"") -> 11929012 | N16: =IF(N(C16)+N(M16)>0,N(C16)+N(M16),"") -> 48569073 | O16: =IFERROR(IF(D16>0,C16/D16,""),"") -> 463798.24 | P16: =IFERROR(IF(J16>0,M16/J16,""),"") -> 313921.37 | Q16: =IFERROR(IF(E16>0,D16/E16,""),"")
A17: 46246 | B17: T4 | C17: 45172565 | D17: 98 | G17: 5042626 | H17: 5337003 | I17: 3086251 | J17: 44 | K17: 1028800 | M17: =IF(SUM(G17:I17)>0,SUM(G17:I17),"") -> 13465880 | N17: =IF(N(C17)+N(M17)>0,N(C17)+N(M17),"") -> 58638445 | O17: =IFERROR(IF(D17>0,C17/D17,""),"") -> 460944.54 | P17: =IFERROR(IF(J17>0,M17/J17,""),"") -> 306042.73 | Q17: =IFERROR(IF(E17>0,D17/E17,""),"")
A18: 46247 | B18: T5 | C18: 34831578 | D18: 86 | G18: 7251007 | H18: 3907751 | I18: 5972503 | J18: 52 | M18: =IF(SUM(G18:I18)>0,SUM(G18:I18),"") -> 17131261 | N18: =IF(N(C18)+N(M18)>0,N(C18)+N(M18),"") -> 51962839 | O18: =IFERROR(IF(D18>0,C18/D18,""),"") -> 405018.35 | P18: =IFERROR(IF(J18>0,M18/J18,""),"") -> 329447.33 | Q18: =IFERROR(IF(E18>0,D18/E18,""),"")
A19: 46248 | B19: T6 | C19: 38339657 | D19: 91 | G19: 5734001 | H19: 4229001 | I19: 3262999 | J19: 50 | K19: 1200800 | M19: =IF(SUM(G19:I19)>0,SUM(G19:I19),"") -> 13226001 | N19: =IF(N(C19)+N(M19)>0,N(C19)+N(M19),"") -> 51565658 | O19: =IFERROR(IF(D19>0,C19/D19,""),"") -> 421314.91 | P19: =IFERROR(IF(J19>0,M19/J19,""),"") -> 264520.02 | Q19: =IFERROR(IF(E19>0,D19/E19,""),"")
A20: 46249 | B20: T7 | C20: 39029110 | D20: 85 | G20: 9644005 | H20: 3936252 | I20: 6010506 | J20: 60 | K20: 1256000 | M20: =IF(SUM(G20:I20)>0,SUM(G20:I20),"") -> 19590763 | N20: =IF(N(C20)+N(M20)>0,N(C20)+N(M20),"") -> 58619873 | O20: =IFERROR(IF(D20>0,C20/D20,""),"") -> 459166 | P20: =IFERROR(IF(J20>0,M20/J20,""),"") -> 326512.72 | Q20: =IFERROR(IF(E20>0,D20/E20,""),"")
A21: 46250 | B21: CN | C21: 28614523 | D21: 67 | G21: 7116500 | H21: 4767255 | I21: 1694004 | J21: 45 | M21: =IF(SUM(G21:I21)>0,SUM(G21:I21),"") -> 13577759 | N21: =IF(N(C21)+N(M21)>0,N(C21)+N(M21),"") -> 42192282 | O21: =IFERROR(IF(D21>0,C21/D21,""),"") -> 427082.43 | P21: =IFERROR(IF(J21>0,M21/J21,""),"") -> 301727.98 | Q21: =IFERROR(IF(E21>0,D21/E21,""),"")
A22: 46251 | B22: T2 | C22: 37131550 | D22: 70 | G22: 5196495 | H22: 3660003 | I22: 3904999 | J22: 42 | K22: 480000 | M22: =IF(SUM(G22:I22)>0,SUM(G22:I22),"") -> 12761497 | N22: =IF(N(C22)+N(M22)>0,N(C22)+N(M22),"") -> 49893047 | O22: =IFERROR(IF(D22>0,C22/D22,""),"") -> 530450.71 | P22: =IFERROR(IF(J22>0,M22/J22,""),"") -> 303845.17 | Q22: =IFERROR(IF(E22>0,D22/E22,""),"")
A23: 46252 | B23: T3 | C23: 41967298 | D23: 86 | G23: 5696003 | H23: 1689002 | I23: 2518499 | J23: 26 | K23: 1828800 | M23: =IF(SUM(G23:I23)>0,SUM(G23:I23),"") -> 9903504 | N23: =IF(N(C23)+N(M23)>0,N(C23)+N(M23),"") -> 51870802 | O23: =IFERROR(IF(D23>0,C23/D23,""),"") -> 487991.84 | P23: =IFERROR(IF(J23>0,M23/J23,""),"") -> 380904 | Q23: =IFERROR(IF(E23>0,D23/E23,""),"")
A24: 46253 | B24: T4 | C24: 39806062 | D24: 88 | G24: 11530503 | H24: 3214502 | I24: 1877001 | J24: 48 | K24: 480000 | M24: =IF(SUM(G24:I24)>0,SUM(G24:I24),"") -> 16622006 | N24: =IF(N(C24)+N(M24)>0,N(C24)+N(M24),"") -> 56428068 | O24: =IFERROR(IF(D24>0,C24/D24,""),"") -> 452341.61 | P24: =IFERROR(IF(J24>0,M24/J24,""),"") -> 346291.79 | Q24: =IFERROR(IF(E24>0,D24/E24,""),"")
A25: 46254 | B25: T5 | C25: 38745150 | D25: 97 | G25: 4610000 | H25: 1930004 | I25: 2952000 | J25: 30 | M25: =IF(SUM(G25:I25)>0,SUM(G25:I25),"") -> 9492004 | N25: =IF(N(C25)+N(M25)>0,N(C25)+N(M25),"") -> 48237154 | O25: =IFERROR(IF(D25>0,C25/D25,""),"") -> 399434.54 | P25: =IFERROR(IF(J25>0,M25/J25,""),"") -> 316400.13 | Q25: =IFERROR(IF(E25>0,D25/E25,""),"")
A26: 46255 | B26: T6 | C26: 28912295 | D26: 68 | G26: 5468000 | H26: 6046251 | I26: 3174251 | J26: 42 | K26: 502400 | M26: =IF(SUM(G26:I26)>0,SUM(G26:I26),"") -> 14688502 | N26: =IF(N(C26)+N(M26)>0,N(C26)+N(M26),"") -> 43600797 | O26: =IFERROR(IF(D26>0,C26/D26,""),"") -> 425180.81 | P26: =IFERROR(IF(J26>0,M26/J26,""),"") -> 349726.24 | Q26: =IFERROR(IF(E26>0,D26/E26,""),"")
A27: 46256 | B27: T7 | C27: 34205287 | D27: 80 | G27: 6381999 | H27: 3534999 | I27: 5284252 | J27: 51 | M27: =IF(SUM(G27:I27)>0,SUM(G27:I27),"") -> 15201250 | N27: =IF(N(C27)+N(M27)>0,N(C27)+N(M27),"") -> 49406537 | O27: =IFERROR(IF(D27>0,C27/D27,""),"") -> 427566.09 | P27: =IFERROR(IF(J27>0,M27/J27,""),"") -> 298063.73 | Q27: =IFERROR(IF(E27>0,D27/E27,""),"")
A28: 46257 | B28: CN | C28: 37574298 | D28: 77 | G28: 13031998 | H28: 1918501 | I28: 2320498 | J28: 47 | M28: =IF(SUM(G28:I28)>0,SUM(G28:I28),"") -> 17270997 | N28: =IF(N(C28)+N(M28)>0,N(C28)+N(M28),"") -> 54845295 | O28: =IFERROR(IF(D28>0,C28/D28,""),"") -> 487977.9 | P28: =IFERROR(IF(J28>0,M28/J28,""),"") -> 367468.02 | Q28: =IFERROR(IF(E28>0,D28/E28,""),"")
A29: 46258 | B29: T2 | C29: 28374038 | D29: 73 | G29: 7977507 | H29: 2722503 | I29: 852000 | J29: 40 | K29: 583333 | M29: =IF(SUM(G29:I29)>0,SUM(G29:I29),"") -> 11552010 | N29: =IF(N(C29)+N(M29)>0,N(C29)+N(M29),"") -> 39926048 | O29: =IFERROR(IF(D29>0,C29/D29,""),"") -> 388685.45 | P29: =IFERROR(IF(J29>0,M29/J29,""),"") -> 288800.25 | Q29: =IFERROR(IF(E29>0,D29/E29,""),"")
A30: 46259 | B30: T3 | C30: 43028667 | D30: 87 | G30: 6140699 | H30: 4316001 | I30: 4017496 | J30: 46 | K30: 2663200 | M30: =IF(SUM(G30:I30)>0,SUM(G30:I30),"") -> 14474196 | N30: =IF(N(C30)+N(M30)>0,N(C30)+N(M30),"") -> 57502863 | O30: =IFERROR(IF(D30>0,C30/D30,""),"") -> 494582.38 | P30: =IFERROR(IF(J30>0,M30/J30,""),"") -> 314656.43 | Q30: =IFERROR(IF(E30>0,D30/E30,""),"")
A31: 46260 | B31: T4 | C31: 44617794 | D31: 88 | G31: 5623740 | H31: 2067001 | I31: 3787249 | J31: 41 | M31: =IF(SUM(G31:I31)>0,SUM(G31:I31),"") -> 11477990 | N31: =IF(N(C31)+N(M31)>0,N(C31)+N(M31),"") -> 56095784 | O31: =IFERROR(IF(D31>0,C31/D31,""),"") -> 507020.39 | P31: =IFERROR(IF(J31>0,M31/J31,""),"") -> 279950.98 | Q31: =IFERROR(IF(E31>0,D31/E31,""),"")
A32: 46261 | B32: T5 | C32: 42471798 | D32: 98 | G32: 9391506 | H32: 4729504 | I32: 2726002 | J32: 62 | K32: 320000 | M32: =IF(SUM(G32:I32)>0,SUM(G32:I32),"") -> 16847012 | N32: =IF(N(C32)+N(M32)>0,N(C32)+N(M32),"") -> 59318810 | O32: =IFERROR(IF(D32>0,C32/D32,""),"") -> 433385.69 | P32: =IFERROR(IF(J32>0,M32/J32,""),"") -> 271726 | Q32: =IFERROR(IF(E32>0,D32/E32,""),"")
A33: 46262 | B33: T6 | C33: 44191773 | D33: 95 | G33: 9988504 | H33: 6275001 | I33: 4020001 | J33: 60 | K33: 6026400 | M33: =IF(SUM(G33:I33)>0,SUM(G33:I33),"") -> 20283506 | N33: =IF(N(C33)+N(M33)>0,N(C33)+N(M33),"") -> 64475279 | O33: =IFERROR(IF(D33>0,C33/D33,""),"") -> 465176.56 | P33: =IFERROR(IF(J33>0,M33/J33,""),"") -> 338058.43 | Q33: =IFERROR(IF(E33>0,D33/E33,""),"")
A34: 46263 | B34: T7 | C34: 41420809 | D34: 92 | G34: 8438505 | H34: 6255003 | I34: 3918498 | J34: 56 | K34: 249999 | M34: =IF(SUM(G34:I34)>0,SUM(G34:I34),"") -> 18612006 | N34: =IF(N(C34)+N(M34)>0,N(C34)+N(M34),"") -> 60032815 | O34: =IFERROR(IF(D34>0,C34/D34,""),"") -> 450226.18 | P34: =IFERROR(IF(J34>0,M34/J34,""),"") -> 332357.25 | Q34: =IFERROR(IF(E34>0,D34/E34,""),"")
A35: 46264 | B35: CN | C35: 24342789 | D35: 65 | G35: 7694000 | H35: 4503501 | I35: 2770500 | J35: 47 | M35: =IF(SUM(G35:I35)>0,SUM(G35:I35),"") -> 14968001 | N35: =IF(N(C35)+N(M35)>0,N(C35)+N(M35),"") -> 39310790 | O35: =IFERROR(IF(D35>0,C35/D35,""),"") -> 374504.45 | P35: =IFERROR(IF(J35>0,M35/J35,""),"") -> 318468.11 | Q35: =IFERROR(IF(E35>0,D35/E35,""),"")
A36: 46265 | B36: T2 | C36: 36495023 | D36: 81 | G36: 10592003 | H36: 2593000 | I36: 3687000 | J36: 50 | K36: 3345659 | M36: =IF(SUM(G36:I36)>0,SUM(G36:I36),"") -> 16872003 | N36: =IF(N(C36)+N(M36)>0,N(C36)+N(M36),"") -> 53367026 | O36: =IFERROR(IF(D36>0,C36/D36,""),"") -> 450555.84 | P36: =IFERROR(IF(J36>0,M36/J36,""),"") -> 337440.06 | Q36: =IFERROR(IF(E36>0,D36/E36,""),"")

Sheet 📊 TUẦN T8
A1: TỔNG HỢP TUẦN • THÁNG 8/2026 • CARASE FB & STORE
A2: 📊 Số liệu tự kéo từ DAILY — điền DAILY mỗi ngày, tab này tự cập nhật
A3: Tuần | B3: Ngày | C3: DT FB (đ) | D3: Đơn FB | E3: AOV FB (đ/đơn) | F3: CP Ads (đ) | G3: ROAS | H3: DT Store (đ) | I3: DT Total (đ) | J3: % Target FB | K3: % Target Store | L3: Ghi chú
A4: Tuần 1 | B4: 1/8–2/8 | C4: 76451078 | D4: =IFERROR(SUM('📅 DAILY T8'!D6:D12),0) -> 614 | E4: =IFERROR(SUM('📅 DAILY T8'!C6:C12)/SUM('📅 DAILY T8'!D6:D12),"") -> 413374.32 | F4: 187 | G4: 408829 | H4: =IFERROR(SUM('📅 DAILY T8'!M6:M12),0) -> 126826387 | I4: =IFERROR(SUM('📅 DAILY T8'!N6:N12),0) -> 380638221 | J4: =IFERROR(SUM('📅 DAILY T8'!C6:C12)/1292244677,"") -> 0.19641159 | K4: =IFERROR(SUM('📅 DAILY T8'!M6:M12)/730208327,"") -> 0.17368521
A5: Tuần 2 | B5: 3/8–9/8 | C5: 251987902 | D5: =IFERROR(SUM('📅 DAILY T8'!D13:D19),0) -> 633 | E5: =IFERROR(SUM('📅 DAILY T8'!C13:C19)/SUM('📅 DAILY T8'!D13:D19),"") -> 423776.58 | F5: 613 | G5: 411073 | H5: =IFERROR(SUM('📅 DAILY T8'!M13:M19),0) -> 97036411 | I5: =IFERROR(SUM('📅 DAILY T8'!N13:N19),0) -> 365286984 | J5: =IFERROR(SUM('📅 DAILY T8'!C6:C19)/1292244677,"") -> 0.40399656 | K5: =IFERROR(SUM('📅 DAILY T8'!M6:M19)/730208327,"") -> 0.30657388
A6: Tuần 3 | B6: 10/8–16/8 | C6: 261267060 | D6: =IFERROR(SUM('📅 DAILY T8'!D20:D26),0) -> 561 | E6: =IFERROR(SUM('📅 DAILY T8'!C20:C26)/SUM('📅 DAILY T8'!D20:D26),"") -> 453130.1 | F6: 599 | G6: 436172 | H6: =IFERROR(SUM('📅 DAILY T8'!M20:M26),0) -> 96636035 | I6: =IFERROR(SUM('📅 DAILY T8'!N20:N26),0) -> 350842023 | J6: =IFERROR(SUM('📅 DAILY T8'!C6:C26)/1292244677,"") -> 0.60071317 | K6: =IFERROR(SUM('📅 DAILY T8'!M6:M26)/730208327,"") -> 0.43891424
A7: Tuần 4 | B7: 17/8–23/8 | C7: 258341940 | D7: =IFERROR(SUM('📅 DAILY T8'!D27:D33),0) -> 598 | E7: =IFERROR(SUM('📅 DAILY T8'!C27:C33)/SUM('📅 DAILY T8'!D27:D33),"") -> 458969.32 | F7: 566 | G7: 456434 | H7: =IFERROR(SUM('📅 DAILY T8'!M27:M33),0) -> 107106961 | I7: =IFERROR(SUM('📅 DAILY T8'!N27:N33),0) -> 381570616 | J7: =IFERROR(SUM('📅 DAILY T8'!C6:C33)/1292244677,"") -> 0.81310612 | K7: =IFERROR(SUM('📅 DAILY T8'!M6:M33)/730208327,"") -> 0.58559425
A8: Tuần 5 | B8: 24/8–30/8 | C8: 268447668 | D8: =IFERROR(SUM('📅 DAILY T8'!D28:D34),0) -> 610 | F8: 598 | G8: 448909 | H8: =IFERROR(SUM('📅 DAILY T8'!M28:M34),0) -> 110517717 | I8: =IFERROR(SUM('📅 DAILY T8'!N28:N34),0) -> 392196894 | J8: =IFERROR(SUM('📅 DAILY T8'!C7:C34)/1292244677,"") -> 0.81478402 | K8: =IFERROR(SUM('📅 DAILY T8'!M7:M34)/730208327,"") -> 0.57701004
A9: Tuần 6 | B9: 46265 | C9: 36495023 | D9: =IFERROR(SUM('📅 DAILY T8'!D34:D36),0) -> 238 | E9: =IFERROR(SUM('📅 DAILY T8'!C34:C36)/SUM('📅 DAILY T8'!D34:D36),"") -> 429658.07 | F9: 81 | G9: 450555 | H9: =IFERROR(SUM('📅 DAILY T8'!M34:M36),0) -> 50452010 | I9: =IFERROR(SUM('📅 DAILY T8'!N34:N36),0) -> 152710631 | J9: =IFERROR(SUM('📅 DAILY T8'!C6:C36)/1292244677,"") -> 0.89223867 | K9: =IFERROR(SUM('📅 DAILY T8'!M6:M36)/730208327,"") -> 0.65468687
A22: TỔNG | B22: 1/8–31/8 | C22: =IFERROR(SUM('📅 DAILY T8'!C6:C36),0) -> 1152990671 | D22: =IFERROR(SUM('📅 DAILY T8'!D6:D36),0) -> 2644 | E22: =IFERROR(SUM('📅 DAILY T8'!C6:C36)/SUM('📅 DAILY T8'!D6:D36),"") -> 436078.17 | F22: =IFERROR(SUM('📅 DAILY T8'!F6:F36),0) -> 0 | G22: =IFERROR(SUM('📅 DAILY T8'!C6:C36)/SUM('📅 DAILY T8'!F6:F36),"") | H22: =IFERROR(SUM('📅 DAILY T8'!M6:M36),0) -> 478057804 | I22: =IFERROR(SUM('📅 DAILY T8'!N6:N36),0) -> 1631048475 | J22: =IFERROR(SUM('📅 DAILY T8'!C6:C36)/1292244677,"") -> 0.89223867 | K22: =IFERROR(SUM('📅 DAILY T8'!M6:M36)/730208327,"") -> 0.65468687
A24: 🎯 Target tháng | C24: 1221751028 | H24: 655855776 | I24: 1877606804
A26: 💡 % Target = Lũy kế từ đầu tháng đến cuối tuần đó / Target tháng | CP Ads có thể điền theo tuần, không cần hàng ngày

Sheet 📅 DAILY T9
A1: DAILY INPUT • THÁNG 9/2026 • CARASE FB & STORE
A2: 🟡 Ô VÀNG = Team điền mỗi ngày | 🟢 Ô XANH = Tự tính | Deadline 22:00
A3: 📅 THỜI GIAN | C3: 📱 FACEBOOK | E3: 📢 ADS | G3: 🏪 STORE | K3: 👓 O3 | L3: 📝 | M3: 📊 AUTO | O3: 📊 AUTO | Q3: 📊
A4: Ngày | B4: T | C4: DT FB (đ) | D4: Đơn FB | E4: CMT+IB (Vpage) | F4: CP Ads (đ) | G4: DT NDC (đ) | H4: DT PH (đ) | I4: DT NGT (đ) | J4: Đơn Store | K4: DT O3 (đ) | L4: Ghi chú | M4: DT Store (=G+H+I) | N4: DT Total (=FB+Store) | O4: AOV FB (C/D) | P4: AOV Store (M/J) | Q4: CR% (D/E)
A5: TARGET/THÁNG | C5: 1009097583 | G5: 285065587 | H5: 140539321 | I5: 116095049 | M5: 541699957 | N5: 1550797540 | O5: 450000 | P5: 330000
A6: 46266 | B6: T3 | C6: 20495514 | D6: 51 | G6: 11075023 | H6: 2705001 | I6: 1394500 | J6: 34 | K6: 280000 | M6: =IF(SUM(G6:I6)>0,SUM(G6:I6),"") -> 15174524 | N6: =IF(N(C6)+N(M6)>0,N(C6)+N(M6),"") -> 35670038 | O6: =IFERROR(IF(D6>0,C6/D6,""),"") -> 401872.82 | P6: =IFERROR(IF(J6>0,M6/J6,""),"") -> 446309.53 | Q6: =IFERROR(IF(E6>0,D6/E6,""),"")
A7: 46267 | B7: T4 | C7: 14806283 | D7: 40 | G7: 3345002 | H7: 3983001 | I7: 2156000 | J7: 32 | K7: 502400 | M7: =IF(SUM(G7:I7)>0,SUM(G7:I7),"") -> 9484003 | N7: =IF(N(C7)+N(M7)>0,N(C7)+N(M7),"") -> 24290286 | O7: =IFERROR(IF(D7>0,C7/D7,""),"") -> 370157.08 | P7: =IFERROR(IF(J7>0,M7/J7,""),"") -> 296375.09 | Q7: =IFERROR(IF(E7>0,D7/E7,""),"")
A8: 46268 | B8: T5 | C8: 28089291 | D8: 70 | G8: 11121246 | H8: 2138500 | I8: 3173502 | J8: 48 | M8: =IF(SUM(G8:I8)>0,SUM(G8:I8),"") -> 16433248 | N8: =IF(N(C8)+N(M8)>0,N(C8)+N(M8),"") -> 44522539 | O8: =IFERROR(IF(D8>0,C8/D8,""),"") -> 401275.59 | P8: =IFERROR(IF(J8>0,M8/J8,""),"") -> 342359.33 | Q8: =IFERROR(IF(E8>0,D8/E8,""),"")
A9: 46269 | B9: T6 | C9: 53997297 | D9: 102 | G9: 13345018 | H9: 6985000 | I9: 4598003 | J9: 76 | K9: 3828100 | M9: =IF(SUM(G9:I9)>0,SUM(G9:I9),"") -> 24928021 | N9: =IF(N(C9)+N(M9)>0,N(C9)+N(M9),"") -> 78925318 | O9: =IFERROR(IF(D9>0,C9/D9,""),"") -> 529385.26 | P9: =IFERROR(IF(J9>0,M9/J9,""),"") -> 328000.28 | Q9: =IFERROR(IF(E9>0,D9/E9,""),"")
A10: 46270 | B10: T7 | C10: 33364781 | D10: 97 | G10: 7316499 | H10: 10553998 | I10: 4043002 | J10: 54 | M10: =IF(SUM(G10:I10)>0,SUM(G10:I10),"") -> 21913499 | N10: =IF(N(C10)+N(M10)>0,N(C10)+N(M10),"") -> 55278280 | O10: =IFERROR(IF(D10>0,C10/D10,""),"") -> 343966.81 | P10: =IFERROR(IF(J10>0,M10/J10,""),"") -> 405805.54 | Q10: =IFERROR(IF(E10>0,D10/E10,""),"")
A11: 46271 | B11: CN | C11: 29886021 | D11: 75 | G11: 9747999 | H11: 6598002 | I11: 2870500 | J11: 63 | K11: 280000 | M11: =IF(SUM(G11:I11)>0,SUM(G11:I11),"") -> 19216501 | N11: =IF(N(C11)+N(M11)>0,N(C11)+N(M11),"") -> 49102522 | O11: =IFERROR(IF(D11>0,C11/D11,""),"") -> 398480.28 | P11: =IFERROR(IF(J11>0,M11/J11,""),"") -> 305023.83 | Q11: =IFERROR(IF(E11>0,D11/E11,""),"")
A12: 46272 | B12: T2 | C12: 35421885 | D12: 83 | G12: 6254004 | H12: 3830501 | I12: 3769255 | J12: 35 | K12: 1028800 | M12: =IF(SUM(G12:I12)>0,SUM(G12:I12),"") -> 13853760 | N12: =IF(N(C12)+N(M12)>0,N(C12)+N(M12),"") -> 49275645 | O12: =IFERROR(IF(D12>0,C12/D12,""),"") -> 426769.7 | P12: =IFERROR(IF(J12>0,M12/J12,""),"") -> 395821.71 | Q12: =IFERROR(IF(E12>0,D12/E12,""),"")
A13: 46273 | B13: T3 | C13: 36832306 | D13: 85 | G13: 8823251 | H13: 3697004 | I13: 2528498 | J13: 48 | K13: 449999 | M13: =IF(SUM(G13:I13)>0,SUM(G13:I13),"") -> 15048753 | N13: =IF(N(C13)+N(M13)>0,N(C13)+N(M13),"") -> 51881059 | O13: =IFERROR(IF(D13>0,C13/D13,""),"") -> 433321.25 | P13: =IFERROR(IF(J13>0,M13/J13,""),"") -> 313515.69 | Q13: =IFERROR(IF(E13>0,D13/E13,""),"")
A14: 46274 | B14: T4 | C14: 43825044 | D14: 77 | G14: 4526000 | H14: 3158503 | I14: 2158001 | J14: 35 | M14: =IF(SUM(G14:I14)>0,SUM(G14:I14),"") -> 9842504 | N14: =IF(N(C14)+N(M14)>0,N(C14)+N(M14),"") -> 53667548 | O14: =IFERROR(IF(D14>0,C14/D14,""),"") -> 569156.42 | P14: =IFERROR(IF(J14>0,M14/J14,""),"") -> 281214.4 | Q14: =IFERROR(IF(E14>0,D14/E14,""),"")
A15: 46275 | B15: T5 | C15: 27762575 | D15: 71 | G15: 2183500 | H15: 5738502 | I15: 2332749 | J15: 35 | K15: 1727207 | M15: =IF(SUM(G15:I15)>0,SUM(G15:I15),"") -> 10254751 | N15: =IF(N(C15)+N(M15)>0,N(C15)+N(M15),"") -> 38017326 | O15: =IFERROR(IF(D15>0,C15/D15,""),"") -> 391022.18 | P15: =IFERROR(IF(J15>0,M15/J15,""),"") -> 292992.89 | Q15: =IFERROR(IF(E15>0,D15/E15,""),"")
A16: 46276 | B16: T6 | C16: 39021786 | D16: 89 | G16: 10870752 | H16: 3791499 | I16: 5493702 | J16: 59 | K16: 364700 | M16: =IF(SUM(G16:I16)>0,SUM(G16:I16),"") -> 20155953 | N16: =IF(N(C16)+N(M16)>0,N(C16)+N(M16),"") -> 59177739 | O16: =IFERROR(IF(D16>0,C16/D16,""),"") -> 438447.03 | P16: =IFERROR(IF(J16>0,M16/J16,""),"") -> 341626.32 | Q16: =IFERROR(IF(E16>0,D16/E16,""),"")
A17: 46277 | B17: T7 | C17: 38556033 | D17: 90 | G17: 9599257 | H17: 3314753 | I17: 4445351 | J17: 62 | M17: =IF(SUM(G17:I17)>0,SUM(G17:I17),"") -> 17359361 | N17: =IF(N(C17)+N(M17)>0,N(C17)+N(M17),"") -> 55915394 | O17: =IFERROR(IF(D17>0,C17/D17,""),"") -> 428400.37 | P17: =IFERROR(IF(J17>0,M17/J17,""),"") -> 279989.69 | Q17: =IFERROR(IF(E17>0,D17/E17,""),"")
A18: 46278 | B18: CN | C18: 26490027 | D18: 67 | G18: 10090499 | H18: 4896999 | I18: 4483500 | J18: 60 | K18: 1188800 | M18: =IF(SUM(G18:I18)>0,SUM(G18:I18),"") -> 19470998 | N18: =IF(N(C18)+N(M18)>0,N(C18)+N(M18),"") -> 45961025 | O18: =IFERROR(IF(D18>0,C18/D18,""),"") -> 395373.54 | P18: =IFERROR(IF(J18>0,M18/J18,""),"") -> 324516.63 | Q18: =IFERROR(IF(E18>0,D18/E18,""),"")
A19: 46279 | B19: T2 | C19: 31189531 | D19: 73 | G19: 12817011 | H19: 3634005 | I19: 5753493 | J19: 63 | M19: =IF(SUM(G19:I19)>0,SUM(G19:I19),"") -> 22204509 | N19: =IF(N(C19)+N(M19)>0,N(C19)+N(M19),"") -> 53394040 | O19: =IFERROR(IF(D19>0,C19/D19,""),"") -> 427253.85 | P19: =IFERROR(IF(J19>0,M19/J19,""),"") -> 352452.52 | Q19: =IFERROR(IF(E19>0,D19/E19,""),"")
A20: 46280 | B20: T3 | C20: 30568282 | D20: 75 | G20: 5637999 | H20: 2679502 | I20: 935000 | J20: 27 | M20: =IF(SUM(G20:I20)>0,SUM(G20:I20),"") -> 9252501 | N20: =IF(N(C20)+N(M20)>0,N(C20)+N(M20),"") -> 39820783 | O20: =IFERROR(IF(D20>0,C20/D20,""),"") -> 407577.09 | P20: =IFERROR(IF(J20>0,M20/J20,""),"") -> 342685.22 | Q20: =IFERROR(IF(E20>0,D20/E20,""),"")
A21: 46281 | B21: T4 | C21: 50475789 | D21: 86 | G21: 5925850 | H21: 2915000 | I21: 2107499 | J21: 38 | K21: 1820000 | M21: =IF(SUM(G21:I21)>0,SUM(G21:I21),"") -> 10948349 | N21: =IF(N(C21)+N(M21)>0,N(C21)+N(M21),"") -> 61424138 | O21: =IFERROR(IF(D21>0,C21/D21,""),"") -> 586927.78 | P21: =IFERROR(IF(J21>0,M21/J21,""),"") -> 288114.45 | Q21: =IFERROR(IF(E21>0,D21/E21,""),"")
A22: 46282 | B22: T5 | C22: 34573226 | D22: 83 | G22: 8734253 | H22: 3045001 | I22: 3692004 | J22: 54 | K22: 231481 | M22: =IF(SUM(G22:I22)>0,SUM(G22:I22),"") -> 15471258 | N22: =IF(N(C22)+N(M22)>0,N(C22)+N(M22),"") -> 50044484 | O22: =IFERROR(IF(D22>0,C22/D22,""),"") -> 416544.89 | P22: =IFERROR(IF(J22>0,M22/J22,""),"") -> 286504.78 | Q22: =IFERROR(IF(E22>0,D22/E22,""),"")
A23: 46283 | B23: T6 | C23: 38179278 | D23: 94 | G23: 8010006 | H23: 6313252 | I23: 2536847 | J23: 57 | K23: 280000 | M23: =IF(SUM(G23:I23)>0,SUM(G23:I23),"") -> 16860105 | N23: =IF(N(C23)+N(M23)>0,N(C23)+N(M23),"") -> 55039383 | O23: =IFERROR(IF(D23>0,C23/D23,""),"") -> 406162.53 | P23: =IFERROR(IF(J23>0,M23/J23,""),"") -> 295791.32 | Q23: =IFERROR(IF(E23>0,D23/E23,""),"")
A24: 46284 | B24: T7 | C24: 37986291 | D24: 98 | G24: 9667497 | H24: 5098502 | I24: 4775499 | J24: 67 | M24: =IF(SUM(G24:I24)>0,SUM(G24:I24),"") -> 19541498 | N24: =IF(N(C24)+N(M24)>0,N(C24)+N(M24),"") -> 57527789 | O24: =IFERROR(IF(D24>0,C24/D24,""),"") -> 387615.21 | P24: =IFERROR(IF(J24>0,M24/J24,""),"") -> 291664.15 | Q24: =IFERROR(IF(E24>0,D24/E24,""),"")
A25: 46285 | B25: CN | C25: 23959777 | D25: 61 | G25: 6665001 | H25: 2439502 | I25: 4378877 | J25: 49 | M25: =IF(SUM(G25:I25)>0,SUM(G25:I25),"") -> 13483380 | N25: =IF(N(C25)+N(M25)>0,N(C25)+N(M25),"") -> 37443157 | O25: =IFERROR(IF(D25>0,C25/D25,""),"") -> 392783.23 | P25: =IFERROR(IF(J25>0,M25/J25,""),"") -> 275171.02 | Q25: =IFERROR(IF(E25>0,D25/E25,""),"")
A26: 46286 | B26: T2 | C26: 31744375 | D26: 76 | G26: 5214808 | H26: 3531997 | I26: 3603998 | J26: 37 | K26: 14700 | M26: =IF(SUM(G26:I26)>0,SUM(G26:I26),"") -> 12350803 | N26: =IF(N(C26)+N(M26)>0,N(C26)+N(M26),"") -> 44095178 | O26: =IFERROR(IF(D26>0,C26/D26,""),"") -> 417689.14 | P26: =IFERROR(IF(J26>0,M26/J26,""),"") -> 333805.49 | Q26: =IFERROR(IF(E26>0,D26/E26,""),"")
A27: 46287 | B27: T3 | C27: 36027824 | D27: 93 | G27: 3521500 | H27: 1125002 | I27: 645000 | J27: 20 | K27: 502400 | M27: =IF(SUM(G27:I27)>0,SUM(G27:I27),"") -> 5291502 | N27: =IF(N(C27)+N(M27)>0,N(C27)+N(M27),"") -> 41319326 | O27: =IFERROR(IF(D27>0,C27/D27,""),"") -> 387395.96 | P27: =IFERROR(IF(J27>0,M27/J27,""),"") -> 264575.1 | Q27: =IFERROR(IF(E27>0,D27/E27,""),"")
A28: 46288 | B28: T4 | C28: 33193661 | D28: 76 | G28: 4569498 | H28: 2523001 | I28: 2478502 | J28: 33 | K28: 2628696 | M28: =IF(SUM(G28:I28)>0,SUM(G28:I28),"") -> 9571001 | N28: =IF(N(C28)+N(M28)>0,N(C28)+N(M28),"") -> 42764662 | O28: =IFERROR(IF(D28>0,C28/D28,""),"") -> 436758.7 | P28: =IFERROR(IF(J28>0,M28/J28,""),"") -> 290030.33 | Q28: =IFERROR(IF(E28>0,D28/E28,""),"")
A29: 46289 | B29: T5 | C29: 28528630 | D29: 74 | G29: 9246499 | H29: 5211900 | I29: 3829999 | J29: 49 | K29: 719999 | M29: =IF(SUM(G29:I29)>0,SUM(G29:I29),"") -> 18288398 | N29: =IF(N(C29)+N(M29)>0,N(C29)+N(M29),"") -> 46817028 | O29: =IFERROR(IF(D29>0,C29/D29,""),"") -> 385522.03 | P29: =IFERROR(IF(J29>0,M29/J29,""),"") -> 373232.61 | Q29: =IFERROR(IF(E29>0,D29/E29,""),"")
A30: 46290 | B30: T6 | C30: 29080521 | D30: 75 | G30: 7425502 | H30: 4797503 | I30: 5179503 | J30: 61 | M30: =IF(SUM(G30:I30)>0,SUM(G30:I30),"") -> 17402508 | N30: =IF(N(C30)+N(M30)>0,N(C30)+N(M30),"") -> 46483029 | O30: =IFERROR(IF(D30>0,C30/D30,""),"") -> 387740.28 | P30: =IFERROR(IF(J30>0,M30/J30,""),"") -> 285287.02 | Q30: =IFERROR(IF(E30>0,D30/E30,""),"")
A31: 46291 | B31: T7 | C31: 34696992 | D31: 83 | G31: 9942762 | H31: 4676300 | I31: 3529497 | J31: 63 | K31: 1104000 | M31: =IF(SUM(G31:I31)>0,SUM(G31:I31),"") -> 18148559 | N31: =IF(N(C31)+N(M31)>0,N(C31)+N(M31),"") -> 52845551 | O31: =IFERROR(IF(D31>0,C31/D31,""),"") -> 418036.05 | P31: =IFERROR(IF(J31>0,M31/J31,""),"") -> 288072.37 | Q31: =IFERROR(IF(E31>0,D31/E31,""),"")
A32: 46292 | B32: CN | C32: 25823132 | D32: 67 | G32: 9085999 | H32: 3328500 | I32: 3209251 | J32: 38 | M32: =IF(SUM(G32:I32)>0,SUM(G32:I32),"") -> 15623750 | N32: =IF(N(C32)+N(M32)>0,N(C32)+N(M32),"") -> 41446882 | O32: =IFERROR(IF(D32>0,C32/D32,""),"") -> 385419.88 | P32: =IFERROR(IF(J32>0,M32/J32,""),"") -> 411151.32 | Q32: =IFERROR(IF(E32>0,D32/E32,""),"")
A33: 46293 | B33: T2 | C33: 34152775 | D33: 83 | G33: 4527753 | H33: 2619498 | I33: 2659198 | J33: 32 | K33: 1473244 | M33: =IF(SUM(G33:I33)>0,SUM(G33:I33),"") -> 9806449 | N33: =IF(N(C33)+N(M33)>0,N(C33)+N(M33),"") -> 43959224 | O33: =IFERROR(IF(D33>0,C33/D33,""),"") -> 411479.22 | P33: =IFERROR(IF(J33>0,M33/J33,""),"") -> 306451.53 | Q33: =IFERROR(IF(E33>0,D33/E33,""),"")
A34: 46294 | B34: T3 | C34: 29914184 | D34: 80 | G34: 6549504 | H34: 1578501 | I34: 3759502 | J34: 39 | K34: 280000 | M34: =IF(SUM(G34:I34)>0,SUM(G34:I34),"") -> 11887507 | N34: =IF(N(C34)+N(M34)>0,N(C34)+N(M34),"") -> 41801691 | O34: =IFERROR(IF(D34>0,C34/D34,""),"") -> 373927.3 | P34: =IFERROR(IF(J34>0,M34/J34,""),"") -> 304807.87 | Q34: =IFERROR(IF(E34>0,D34/E34,""),"")
A35: 46295 | B35: T4 | C35: 37839882 | D35: 79 | G35: 5363501 | H35: 3408499 | I35: 2591999 | J35: 33 | K35: 1352874 | M35: =IF(SUM(G35:I35)>0,SUM(G35:I35),"") -> 11363999 | N35: =IF(N(C35)+N(M35)>0,N(C35)+N(M35),"") -> 49203881 | O35: =IFERROR(IF(D35>0,C35/D35,""),"") -> 478985.85 | P35: =IFERROR(IF(J35>0,M35/J35,""),"") -> 344363.61 | Q35: =IFERROR(IF(E35>0,D35/E35,""),"")

Sheet 📊 TUẦN T9
A1: TỔNG HỢP TUẦN • THÁNG 9/2026 • CARASE FB & STORE
A2: 📊 Số liệu tự kéo từ DAILY — điền DAILY mỗi ngày, tab này tự cập nhật
A3: Tuần | B3: Ngày | C3: DT FB (đ) | D3: KH FB (đ) | E3: %KH FB | F3: Đơn FB | G3: AOV FB (đ/đơn) | H3: CP Ads (đ) | I3: ROAS | J3: DT Store (đ) | K3: KH Store (đ) | L3: %KH Store | M3: DT Total (đ) | N3: Ghi chú
A4: Tuần 1 | B4: 1/9(T3)–6/9(CN) | C4: 180639187 | D4: 201819517 | E4: =IFERROR(IF(D4>0,C4/D4,""),"") -> 0.89505311 | F4: 435 | G4: 415262 | H4: =IFERROR(SUM('📅 DAILY T9'!F6:F11),0) -> 0 | I4: =IFERROR(IF(H4>0,C4/H4,""),"") | J4: 107149796 | K4: 108339991 | L4: =IFERROR(IF(K4>0,J4/K4,""),"") -> 0.98901426 | M4: 287788983
A5: Tuần 2 | B5: 7/9(T2)–13/9(CN) | C5: 247909656 | D5: 235456103 | E5: =IFERROR(IF(D5>0,C5/D5,""),"") -> 1.0528912 | F5: 562 | G5: 441120 | H5: =IFERROR(SUM('📅 DAILY T9'!F12:F18),0) -> 0 | I5: =IFERROR(IF(H5>0,C5/H5,""),"") | J5: 105986080 | K5: 126396657 | L5: =IFERROR(IF(K5>0,J5/K5,""),"") -> 0.83851965 | M5: 353895736
A6: Tuần 3 | B6: 14/9(T2)–20/9(CN) | C6: 246932174 | D6: 235456103 | E6: =IFERROR(IF(D6>0,C6/D6,""),"") -> 1.0487397 | F6: 570 | G6: 433214 | H6: =IFERROR(SUM('📅 DAILY T9'!F19:F25),0) -> 0 | I6: =IFERROR(IF(H6>0,C6/H6,""),"") | J6: 107761600 | K6: 126396657 | L6: =IFERROR(IF(K6>0,J6/K6,""),"") -> 0.85256685 | M6: 354693774
